Unnamed: 0,index,category_x,category_y
0,0,STYLE & BEAUTY,STYLE & BEAUTY
1,1,TRAVEL,TRAVEL
4,4,STYLE & BEAUTY,STYLE & BEAUTY
5,5,TRAVEL,TRAVEL
6,6,STYLE & BEAUTY,STYLE & BEAUTY
7,7,BUSINESS,BUSINESS
8,8,STYLE & BEAUTY,STYLE & BEAUTY
9,9,STYLE & BEAUTY,STYLE & BEAUTY
10,10,STYLE & BEAUTY,STYLE & BEAUTY
11,11,BUSINESS,BUSINESS
12,12,BUSINESS,BUSINESS
13,13,TRAVEL,TRAVEL
13,13,TRAVEL,TRAVEL
15,15,TRAVEL,TRAVEL
16,16,TRAVEL,TRAVEL
17,17,STYLE & BEAUTY,STYLE & BEAUTY
18,18,BUSINESS,BUSINESS
19,19,TRAVEL,TRAVEL
20,20,STYLE & BEAUTY,STYLE & BEAUTY
21,21,STYLE & BEAUTY,STYLE & BEAUTY
22,22,TRAVEL,TRAVEL
23,23,TRAVEL,TRAVEL
24,24,TRAVEL,TRAVEL
26,26,BUSINESS,BUSINESS
27,27,STYLE & BEAUTY,STYLE & BEAUTY
28,28,STYLE & BEAUTY,STYLE & BEAUTY
29,29,STYLE & BEAUTY,STYLE & BEAUTY
30,30,TRAVEL,TRAVEL
31,31,STYLE & BEAUTY,STYLE & BEAUTY
32,32,TRAVEL,TRAVEL
34,34,BUSINESS,BUSINESS
35,35,TRAVEL,TRAVEL
36,36,TRAVEL,TRAVEL
37,37,STYLE & BEAUTY,STYLE & BEAUTY
38,38,BUSINESS,TRAVEL
39,39,STYLE & BEAUTY,STYLE & BEAUTY
40,40,STYLE & BEAUTY,STYLE & BEAUTY
41,41,BUSINESS,BUSINESS
42,42,BUSINESS,STYLE & BEAUTY
43,43,TRAVEL,TRAVEL
44,44,STYLE & BEAUTY,STYLE & BEAUTY
45,45,STYLE & BEAUTY,STYLE & BEAUTY
46,46,STYLE & BEAUTY,STYLE & BEAUTY
47,47,TRAVEL,TRAVEL
48,48,TRAVEL,TRAVEL
49,49,TRAVEL,TRAVEL
50,50,TRAVEL,TRAVEL
51,51,BUSINESS,BUSINESS
53,53,TRAVEL,TRAVEL
54,54,STYLE & BEAUTY,STYLE & BEAUTY
55,55,TRAVEL,TRAVEL
57,57,STYLE & BEAUTY,STYLE & BEAUTY
58,58,TRAVEL,TRAVEL
59,59,STYLE & BEAUTY,STYLE & BEAUTY
60,60,TRAVEL,TRAVEL
61,61,TRAVEL,TRAVEL
62,62,BUSINESS,BUSINESS
63,63,BUSINESS,BUSINESS
64,64,TRAVEL,TRAVEL
65,65,TRAVEL,TRAVEL
66,66,STYLE & BEAUTY,STYLE & BEAUTY
67,67,STYLE & BEAUTY,STYLE & BEAUTY
68,68,STYLE & BEAUTY,STYLE & BEAUTY
69,69,STYLE & BEAUTY,STYLE & BEAUTY
70,70,TRAVEL,TRAVEL
71,71,STYLE & BEAUTY,STYLE & BEAUTY
72,72,STYLE & BEAUTY,STYLE & BEAUTY
73,73,STYLE & BEAUTY,STYLE & BEAUTY
74,74,BUSINESS,BUSINESS
75,75,BUSINESS,BUSINESS
76,76,TRAVEL,TRAVEL
76,76,TRAVEL,TRAVEL
77,77,BUSINESS,BUSINESS
78,78,TRAVEL,TRAVEL
79,79,TRAVEL,TRAVEL
80,80,BUSINESS,BUSINESS
81,81,BUSINESS,BUSINESS
82,82,STYLE & BEAUTY,STYLE & BEAUTY
83,83,STYLE & BEAUTY,STYLE & BEAUTY
84,84,BUSINESS,BUSINESS
85,85,STYLE & BEAUTY,STYLE & BEAUTY
86,86,STYLE & BEAUTY,STYLE & BEAUTY
87,87,STYLE & BEAUTY,STYLE & BEAUTY
88,88,STYLE & BEAUTY,STYLE & BEAUTY
89,89,TRAVEL,TRAVEL
91,91,TRAVEL,TRAVEL
92,92,TRAVEL,BUSINESS
93,93,TRAVEL,TRAVEL
94,94,BUSINESS,BUSINESS
95,95,STYLE & BEAUTY,STYLE & BEAUTY
95,95,STYLE & BEAUTY,STYLE & BEAUTY
96,96,TRAVEL,BUSINESS
97,97,STYLE & BEAUTY,STYLE & BEAUTY
98,98,BUSINESS,TRAVEL
99,99,BUSINESS,BUSINESS
100,100,TRAVEL,TRAVEL
101,101,TRAVEL,TRAVEL
103,103,STYLE & BEAUTY,STYLE & BEAUTY
104,104,STYLE & BEAUTY,STYLE & BEAUTY
104,104,STYLE & BEAUTY,STYLE & BEAUTY
106,106,BUSINESS,BUSINESS
107,107,TRAVEL,TRAVEL
109,109,BUSINESS,BUSINESS
110,110,STYLE & BEAUTY,STYLE & BEAUTY
111,111,BUSINESS,BUSINESS
112,112,STYLE & BEAUTY,BUSINESS
113,113,BUSINESS,BUSINESS
114,114,TRAVEL,TRAVEL
115,115,BUSINESS,BUSINESS
116,116,TRAVEL,TRAVEL
117,117,BUSINESS,BUSINESS
119,119,BUSINESS,BUSINESS
120,120,STYLE & BEAUTY,STYLE & BEAUTY
121,121,STYLE & BEAUTY,STYLE & BEAUTY
122,122,STYLE & BEAUTY,STYLE & BEAUTY
123,123,TRAVEL,TRAVEL
124,124,BUSINESS,BUSINESS
125,125,STYLE & BEAUTY,STYLE & BEAUTY
126,126,STYLE & BEAUTY,STYLE & BEAUTY
127,127,TRAVEL,TRAVEL
128,128,STYLE & BEAUTY,STYLE & BEAUTY
129,129,TRAVEL,TRAVEL
130,130,BUSINESS,BUSINESS
131,131,STYLE & BEAUTY,STYLE & BEAUTY
132,132,STYLE & BEAUTY,STYLE & BEAUTY
133,133,TRAVEL,TRAVEL
134,134,TRAVEL,TRAVEL
135,135,STYLE & BEAUTY,STYLE & BEAUTY
136,136,TRAVEL,TRAVEL
137,137,STYLE & BEAUTY,STYLE & BEAUTY
137,137,STYLE & BEAUTY,STYLE & BEAUTY
138,138,TRAVEL,TRAVEL
139,139,STYLE & BEAUTY,STYLE & BEAUTY
140,140,STYLE & BEAUTY,STYLE & BEAUTY
141,141,TRAVEL,TRAVEL
143,143,STYLE & BEAUTY,TRAVEL
144,144,BUSINESS,BUSINESS
145,145,STYLE & BEAUTY,STYLE & BEAUTY
146,146,STYLE & BEAUTY,STYLE & BEAUTY
146,146,STYLE & BEAUTY,STYLE & BEAUTY
147,147,STYLE & BEAUTY,STYLE & BEAUTY
148,148,TRAVEL,TRAVEL
149,149,TRAVEL,TRAVEL
150,150,BUSINESS,BUSINESS
152,152,STYLE & BEAUTY,STYLE & BEAUTY
153,153,TRAVEL,STYLE & BEAUTY
155,155,TRAVEL,TRAVEL
156,156,STYLE & BEAUTY,STYLE & BEAUTY
157,157,TRAVEL,TRAVEL
158,158,STYLE & BEAUTY,STYLE & BEAUTY
159,159,TRAVEL,TRAVEL
160,160,TRAVEL,TRAVEL
161,161,TRAVEL,TRAVEL
162,162,BUSINESS,BUSINESS
163,163,STYLE & BEAUTY,STYLE & BEAUTY
164,164,TRAVEL,TRAVEL
165,165,STYLE & BEAUTY,STYLE & BEAUTY
167,167,TRAVEL,TRAVEL
168,168,BUSINESS,BUSINESS
169,169,STYLE & BEAUTY,STYLE & BEAUTY
169,169,STYLE & BEAUTY,STYLE & BEAUTY
170,170,BUSINESS,BUSINESS
171,171,TRAVEL,TRAVEL
172,172,STYLE & BEAUTY,STYLE & BEAUTY
174,174,BUSINESS,BUSINESS
175,175,TRAVEL,TRAVEL
176,176,BUSINESS,BUSINESS
177,177,STYLE & BEAUTY,STYLE & BEAUTY
178,178,BUSINESS,BUSINESS
179,179,STYLE & BEAUTY,STYLE & BEAUTY
180,180,BUSINESS,BUSINESS
181,181,TRAVEL,TRAVEL
182,182,STYLE & BEAUTY,STYLE & BEAUTY
183,183,TRAVEL,TRAVEL
184,184,STYLE & BEAUTY,STYLE & BEAUTY
185,185,STYLE & BEAUTY,STYLE & BEAUTY
186,186,TRAVEL,TRAVEL
187,187,STYLE & BEAUTY,STYLE & BEAUTY
188,188,TRAVEL,STYLE & BEAUTY
189,189,STYLE & BEAUTY,STYLE & BEAUTY
190,190,BUSINESS,STYLE & BEAUTY
191,191,BUSINESS,BUSINESS
192,192,TRAVEL,TRAVEL
193,193,STYLE & BEAUTY,STYLE & BEAUTY
194,194,TRAVEL,TRAVEL
196,196,TRAVEL,TRAVEL
197,197,TRAVEL,TRAVEL
198,198,STYLE & BEAUTY,STYLE & BEAUTY
198,198,STYLE & BEAUTY,STYLE & BEAUTY
199,199,STYLE & BEAUTY,STYLE & BEAUTY
200,200,TRAVEL,TRAVEL
201,201,STYLE & BEAUTY,STYLE & BEAUTY
202,202,TRAVEL,TRAVEL
203,203,BUSINESS,BUSINESS
204,204,BUSINESS,BUSINESS
205,205,BUSINESS,BUSINESS
206,206,TRAVEL,TRAVEL
207,207,TRAVEL,TRAVEL
208,208,STYLE & BEAUTY,STYLE & BEAUTY
209,209,BUSINESS,BUSINESS
210,210,BUSINESS,BUSINESS
211,211,STYLE & BEAUTY,STYLE & BEAUTY
212,212,TRAVEL,TRAVEL
213,213,TRAVEL,TRAVEL
214,214,TRAVEL,TRAVEL
215,215,BUSINESS,BUSINESS
216,216,STYLE & BEAUTY,STYLE & BEAUTY
217,217,TRAVEL,TRAVEL
218,218,BUSINESS,BUSINESS
219,219,STYLE & BEAUTY,STYLE & BEAUTY
220,220,STYLE & BEAUTY,STYLE & BEAUTY
221,221,BUSINESS,BUSINESS
222,222,BUSINESS,STYLE & BEAUTY
223,223,BUSINESS,BUSINESS
224,224,TRAVEL,TRAVEL
225,225,STYLE & BEAUTY,STYLE & BEAUTY
225,225,STYLE & BEAUTY,STYLE & BEAUTY
226,226,TRAVEL,TRAVEL
227,227,STYLE & BEAUTY,STYLE & BEAUTY
228,228,TRAVEL,TRAVEL
230,230,TRAVEL,TRAVEL
231,231,TRAVEL,TRAVEL
232,232,BUSINESS,BUSINESS
233,233,STYLE & BEAUTY,STYLE & BEAUTY
234,234,TRAVEL,BUSINESS
235,235,TRAVEL,TRAVEL
236,236,STYLE & BEAUTY,STYLE & BEAUTY
237,237,BUSINESS,BUSINESS
238,238,BUSINESS,BUSINESS
239,239,TRAVEL,TRAVEL
240,240,TRAVEL,TRAVEL
241,241,TRAVEL,TRAVEL
242,242,BUSINESS,BUSINESS
243,243,BUSINESS,BUSINESS
244,244,STYLE & BEAUTY,STYLE & BEAUTY
245,245,STYLE & BEAUTY,STYLE & BEAUTY
246,246,BUSINESS,BUSINESS
247,247,BUSINESS,TRAVEL
248,248,STYLE & BEAUTY,STYLE & BEAUTY
249,249,TRAVEL,TRAVEL
250,250,TRAVEL,TRAVEL
251,251,TRAVEL,TRAVEL
252,252,TRAVEL,TRAVEL
253,253,TRAVEL,TRAVEL
254,254,TRAVEL,TRAVEL
255,255,TRAVEL,TRAVEL
256,256,BUSINESS,BUSINESS
257,257,TRAVEL,TRAVEL
258,258,TRAVEL,TRAVEL
259,259,STYLE & BEAUTY,BUSINESS
260,260,STYLE & BEAUTY,STYLE & BEAUTY
261,261,STYLE & BEAUTY,STYLE & BEAUTY
262,262,STYLE & BEAUTY,STYLE & BEAUTY
263,263,STYLE & BEAUTY,STYLE & BEAUTY
263,263,STYLE & BEAUTY,STYLE & BEAUTY
263,263,STYLE & BEAUTY,STYLE & BEAUTY
263,263,STYLE & BEAUTY,STYLE & BEAUTY
263,263,STYLE & BEAUTY,STYLE & BEAUTY
263,263,STYLE & BEAUTY,STYLE & BEAUTY
263,263,STYLE & BEAUTY,STYLE & BEAUTY
263,263,STYLE & BEAUTY,STYLE & BEAUTY
263,263,STYLE & BEAUTY,STYLE & BEAUTY
263,263,STYLE & BEAUTY,STYLE & BEAUTY
263,263,STYLE & BEAUTY,STYLE & BEAUTY
263,263,STYLE & BEAUTY,STYLE & BEAUTY
263,263,STYLE & BEAUTY,STYLE & BEAUTY
263,263,STYLE & BEAUTY,STYLE & BEAUTY
263,263,STYLE & BEAUTY,STYLE & BEAUTY
263,263,STYLE & BEAUTY,STYLE & BEAUTY
263,263,STYLE & BEAUTY,STYLE & BEAUTY
263,263,STYLE & BEAUTY,STYLE & BEAUTY
263,263,STYLE & BEAUTY,STYLE & BEAUTY
263,263,STYLE & BEAUTY,STYLE & BEAUTY
263,263,STYLE & BEAUTY,STYLE & BEAUTY
263,263,STYLE & BEAUTY,STYLE & BEAUTY
263,263,STYLE & BEAUTY,STYLE & BEAUTY
263,263,STYLE & BEAUTY,STYLE & BEAUTY
263,263,STYLE & BEAUTY,STYLE & BEAUTY
263,263,STYLE & BEAUTY,STYLE & BEAUTY
263,263,STYLE & BEAUTY,STYLE & BEAUTY
263,263,STYLE & BEAUTY,STYLE & BEAUTY
263,263,STYLE & BEAUTY,STYLE & BEAUTY
263,263,STYLE & BEAUTY,STYLE & BEAUTY
263,263,STYLE & BEAUTY,STYLE & BEAUTY
263,263,STYLE & BEAUTY,STYLE & BEAUTY
263,263,STYLE & BEAUTY,STYLE & BEAUTY
263,263,STYLE & BEAUTY,STYLE & BEAUTY
263,263,STYLE & BEAUTY,STYLE & BEAUTY
263,263,STYLE & BEAUTY,STYLE & BEAUTY
263,263,STYLE & BEAUTY,STYLE & BEAUTY
263,263,STYLE & BEAUTY,STYLE & BEAUTY
263,263,STYLE & BEAUTY,STYLE & BEAUTY
263,263,STYLE & BEAUTY,STYLE & BEAUTY
263,263,STYLE & BEAUTY,STYLE & BEAUTY
263,263,STYLE & BEAUTY,STYLE & BEAUTY
263,263,STYLE & BEAUTY,STYLE & BEAUTY
263,263,STYLE & BEAUTY,STYLE & BEAUTY
263,263,STYLE & BEAUTY,STYLE & BEAUTY
263,263,STYLE & BEAUTY,STYLE & BEAUTY
263,263,STYLE & BEAUTY,STYLE & BEAUTY
263,263,STYLE & BEAUTY,STYLE & BEAUTY
263,263,STYLE & BEAUTY,STYLE & BEAUTY
263,263,STYLE & BEAUTY,STYLE & BEAUTY
263,263,STYLE & BEAUTY,STYLE & BEAUTY
263,263,STYLE & BEAUTY,STYLE & BEAUTY
263,263,STYLE & BEAUTY,STYLE & BEAUTY
263,263,STYLE & BEAUTY,STYLE & BEAUTY
263,263,STYLE & BEAUTY,STYLE & BEAUTY
263,263,STYLE & BEAUTY,STYLE & BEAUTY
263,263,STYLE & BEAUTY,STYLE & BEAUTY
263,263,STYLE & BEAUTY,STYLE & BEAUTY
263,263,STYLE & BEAUTY,STYLE & BEAUTY
264,264,TRAVEL,TRAVEL
265,265,TRAVEL,STYLE & BEAUTY
266,266,STYLE & BEAUTY,STYLE & BEAUTY
266,266,STYLE & BEAUTY,STYLE & BEAUTY
267,267,BUSINESS,BUSINESS
268,268,STYLE & BEAUTY,STYLE & BEAUTY
269,269,TRAVEL,TRAVEL
270,270,STYLE & BEAUTY,STYLE & BEAUTY
271,271,TRAVEL,TRAVEL
272,272,BUSINESS,BUSINESS
273,273,STYLE & BEAUTY,STYLE & BEAUTY
274,274,STYLE & BEAUTY,STYLE & BEAUTY
275,275,BUSINESS,STYLE & BEAUTY
275,275,BUSINESS,MONEY
276,276,STYLE & BEAUTY,STYLE & BEAUTY
277,277,STYLE & BEAUTY,STYLE & BEAUTY
278,278,TRAVEL,TRAVEL
279,279,TRAVEL,TRAVEL
280,280,TRAVEL,TRAVEL
281,281,STYLE & BEAUTY,STYLE & BEAUTY
282,282,STYLE & BEAUTY,STYLE & BEAUTY
283,283,STYLE & BEAUTY,STYLE & BEAUTY
285,285,STYLE & BEAUTY,STYLE & BEAUTY
286,286,STYLE & BEAUTY,STYLE & BEAUTY
287,287,STYLE & BEAUTY,STYLE & BEAUTY
288,288,BUSINESS,BUSINESS
289,289,TRAVEL,TRAVEL
290,290,TRAVEL,TRAVEL
291,291,TRAVEL,TRAVEL
292,292,STYLE & BEAUTY,STYLE & BEAUTY
293,293,STYLE & BEAUTY,STYLE & BEAUTY
294,294,TRAVEL,TRAVEL
295,295,TRAVEL,TRAVEL
296,296,STYLE & BEAUTY,STYLE & BEAUTY
297,297,STYLE & BEAUTY,STYLE & BEAUTY
298,298,TRAVEL,TRAVEL
299,299,STYLE & BEAUTY,STYLE & BEAUTY
301,301,STYLE & BEAUTY,STYLE & BEAUTY
302,302,TRAVEL,TRAVEL
303,303,TRAVEL,TRAVEL
304,304,TRAVEL,TRAVEL
305,305,TRAVEL,TRAVEL
307,307,TRAVEL,TRAVEL
308,308,TRAVEL,TRAVEL
309,309,TRAVEL,TRAVEL
310,310,BUSINESS,BUSINESS
312,312,STYLE & BEAUTY,STYLE & BEAUTY
313,313,STYLE & BEAUTY,STYLE & BEAUTY
314,314,TRAVEL,TRAVEL
315,315,STYLE & BEAUTY,STYLE & BEAUTY
316,316,STYLE & BEAUTY,STYLE & BEAUTY
317,317,STYLE & BEAUTY,STYLE & BEAUTY
318,318,STYLE & BEAUTY,STYLE & BEAUTY
318,318,STYLE & BEAUTY,STYLE & BEAUTY
319,319,TRAVEL,TRAVEL
320,320,BUSINESS,BUSINESS
321,321,STYLE & BEAUTY,STYLE & BEAUTY
322,322,BUSINESS,BUSINESS
323,323,BUSINESS,BUSINESS
324,324,TRAVEL,TRAVEL
325,325,STYLE & BEAUTY,STYLE & BEAUTY
326,326,TRAVEL,TRAVEL
327,327,STYLE & BEAUTY,STYLE & BEAUTY
328,328,BUSINESS,BUSINESS
329,329,TRAVEL,TRAVEL
330,330,STYLE & BEAUTY,STYLE & BEAUTY
330,330,STYLE & BEAUTY,STYLE & BEAUTY
332,332,STYLE & BEAUTY,STYLE & BEAUTY
334,334,STYLE & BEAUTY,STYLE & BEAUTY
334,334,STYLE & BEAUTY,STYLE & BEAUTY
335,335,STYLE & BEAUTY,STYLE & BEAUTY
336,336,BUSINESS,BUSINESS
337,337,STYLE & BEAUTY,STYLE & BEAUTY
338,338,TRAVEL,STYLE & BEAUTY
339,339,STYLE & BEAUTY,STYLE & BEAUTY
340,340,STYLE & BEAUTY,STYLE & BEAUTY
341,341,STYLE & BEAUTY,STYLE & BEAUTY
342,342,BUSINESS,BUSINESS
343,343,BUSINESS,BUSINESS
344,344,STYLE & BEAUTY,STYLE & BEAUTY
344,344,STYLE & BEAUTY,STYLE & BEAUTY
345,345,STYLE & BEAUTY,STYLE & BEAUTY
346,346,TRAVEL,TRAVEL
347,347,STYLE & BEAUTY,STYLE & BEAUTY
348,348,TRAVEL,TRAVEL
349,349,STYLE & BEAUTY,STYLE & BEAUTY
350,350,STYLE & BEAUTY,STYLE & BEAUTY
351,351,TRAVEL,TRAVEL
352,352,TRAVEL,TRAVEL
353,353,STYLE & BEAUTY,STYLE & BEAUTY
354,354,STYLE & BEAUTY,STYLE & BEAUTY
355,355,STYLE & BEAUTY,STYLE & BEAUTY
356,356,TRAVEL,TRAVEL
357,357,TRAVEL,TRAVEL
358,358,BUSINESS,BUSINESS
359,359,STYLE & BEAUTY,STYLE & BEAUTY
360,360,STYLE & BEAUTY,STYLE & BEAUTY
361,361,STYLE & BEAUTY,STYLE & BEAUTY
362,362,STYLE & BEAUTY,STYLE & BEAUTY
363,363,STYLE & BEAUTY,STYLE & BEAUTY
364,364,TRAVEL,TRAVEL
365,365,TRAVEL,TRAVEL
366,366,BUSINESS,BUSINESS
368,368,STYLE & BEAUTY,STYLE & BEAUTY
369,369,STYLE & BEAUTY,STYLE & BEAUTY
370,370,TRAVEL,TRAVEL
371,371,BUSINESS,BUSINESS
372,372,STYLE & BEAUTY,STYLE & BEAUTY
373,373,STYLE & BEAUTY,STYLE & BEAUTY
374,374,TRAVEL,TRAVEL
375,375,TRAVEL,TRAVEL
376,376,BUSINESS,BUSINESS
377,377,TRAVEL,TRAVEL
378,378,STYLE & BEAUTY,STYLE & BEAUTY
380,380,STYLE & BEAUTY,STYLE & BEAUTY
381,381,TRAVEL,TRAVEL
382,382,TRAVEL,TRAVEL
383,383,STYLE & BEAUTY,STYLE & BEAUTY
383,383,STYLE & BEAUTY,STYLE & BEAUTY
384,384,STYLE & BEAUTY,STYLE & BEAUTY
385,385,BUSINESS,BUSINESS
386,386,STYLE & BEAUTY,STYLE & BEAUTY
387,387,BUSINESS,BUSINESS
388,388,STYLE & BEAUTY,STYLE & BEAUTY
389,389,TRAVEL,TRAVEL
390,390,STYLE & BEAUTY,STYLE & BEAUTY
391,391,BUSINESS,BUSINESS
392,392,TRAVEL,TRAVEL
393,393,TRAVEL,TRAVEL
394,394,TRAVEL,TRAVEL
395,395,STYLE & BEAUTY,STYLE & BEAUTY
396,396,STYLE & BEAUTY,STYLE & BEAUTY
397,397,STYLE & BEAUTY,STYLE & BEAUTY
398,398,STYLE & BEAUTY,STYLE & BEAUTY
400,400,STYLE & BEAUTY,STYLE & BEAUTY
401,401,TRAVEL,TRAVEL
402,402,TRAVEL,TRAVEL
403,403,STYLE & BEAUTY,STYLE & BEAUTY
404,404,TRAVEL,TRAVEL
405,405,TRAVEL,TRAVEL
406,406,STYLE & BEAUTY,STYLE & BEAUTY
407,407,TRAVEL,TRAVEL
408,408,TRAVEL,TRAVEL
409,409,TRAVEL,TRAVEL
410,410,STYLE & BEAUTY,STYLE & BEAUTY
411,411,TRAVEL,TRAVEL
412,412,TRAVEL,TRAVEL
413,413,TRAVEL,TRAVEL
414,414,TRAVEL,TRAVEL
416,416,BUSINESS,BUSINESS
417,417,TRAVEL,TRAVEL
418,418,TRAVEL,TRAVEL
419,419,BUSINESS,BUSINESS
420,420,TRAVEL,TRAVEL
421,421,BUSINESS,BUSINESS
422,422,TRAVEL,TRAVEL
423,423,TRAVEL,TRAVEL
424,424,TRAVEL,TRAVEL
425,425,STYLE & BEAUTY,STYLE & BEAUTY
425,425,STYLE & BEAUTY,STYLE & BEAUTY
426,426,BUSINESS,BUSINESS
427,427,TRAVEL,TRAVEL
428,428,BUSINESS,BUSINESS
429,429,BUSINESS,BUSINESS
431,431,TRAVEL,TRAVEL
432,432,TRAVEL,TRAVEL
433,433,BUSINESS,BUSINESS
434,434,STYLE & BEAUTY,STYLE & BEAUTY
435,435,TRAVEL,TRAVEL
436,436,TRAVEL,STYLE & BEAUTY
437,437,TRAVEL,TRAVEL
438,438,TRAVEL,TRAVEL
439,439,TRAVEL,TRAVEL
440,440,BUSINESS,BUSINESS
441,441,TRAVEL,TRAVEL
442,442,BUSINESS,BUSINESS
443,443,STYLE & BEAUTY,STYLE & BEAUTY
444,444,TRAVEL,TRAVEL
445,445,BUSINESS,BUSINESS
446,446,BUSINESS,BUSINESS
447,447,BUSINESS,BUSINESS
448,448,BUSINESS,BUSINESS
449,449,TRAVEL,TRAVEL
450,450,BUSINESS,BUSINESS
451,451,TRAVEL,TRAVEL
452,452,BUSINESS,BUSINESS
453,453,BUSINESS,STYLE & BEAUTY
454,454,STYLE & BEAUTY,STYLE & BEAUTY
455,455,STYLE & BEAUTY,STYLE & BEAUTY
456,456,STYLE & BEAUTY,STYLE & BEAUTY
457,457,BUSINESS,BUSINESS
458,458,TRAVEL,TRAVEL
459,459,STYLE & BEAUTY,STYLE & BEAUTY
460,460,STYLE & BEAUTY,STYLE & BEAUTY
461,461,TRAVEL,TRAVEL
462,462,STYLE & BEAUTY,STYLE & BEAUTY
462,462,STYLE & BEAUTY,STYLE & BEAUTY
463,463,BUSINESS,BUSINESS
464,464,BUSINESS,BUSINESS
465,465,BUSINESS,BUSINESS
466,466,BUSINESS,BUSINESS
467,467,STYLE & BEAUTY,STYLE & BEAUTY
468,468,TRAVEL,TRAVEL
469,469,STYLE & BEAUTY,STYLE & BEAUTY
470,470,TRAVEL,TRAVEL
472,472,STYLE & BEAUTY,STYLE & BEAUTY
473,473,TRAVEL,TRAVEL
474,474,TRAVEL,TRAVEL
475,475,TRAVEL,TRAVEL
476,476,BUSINESS,BUSINESS
477,477,BUSINESS,BUSINESS
478,478,BUSINESS,BUSINESS
479,479,STYLE & BEAUTY,STYLE & BEAUTY
480,480,STYLE & BEAUTY,STYLE & BEAUTY
481,481,STYLE & BEAUTY,STYLE & BEAUTY
482,482,STYLE & BEAUTY,STYLE & BEAUTY
483,483,STYLE & BEAUTY,TRAVEL
485,485,BUSINESS,BUSINESS
486,486,TRAVEL,TRAVEL
486,486,TRAVEL,TRAVEL
487,487,TRAVEL,TRAVEL
488,488,TRAVEL,TRAVEL
489,489,TRAVEL,TRAVEL
490,490,STYLE & BEAUTY,STYLE & BEAUTY
491,491,TRAVEL,TRAVEL
492,492,TRAVEL,TRAVEL
493,493,TRAVEL,TRAVEL
494,494,TRAVEL,TRAVEL
495,495,STYLE & BEAUTY,TRAVEL
496,496,STYLE & BEAUTY,STYLE & BEAUTY
497,497,TRAVEL,TRAVEL
498,498,STYLE & BEAUTY,STYLE & BEAUTY
499,499,STYLE & BEAUTY,STYLE & BEAUTY
500,500,STYLE & BEAUTY,STYLE & BEAUTY
501,501,STYLE & BEAUTY,STYLE & BEAUTY
502,502,STYLE & BEAUTY,STYLE & BEAUTY
503,503,TRAVEL,TRAVEL
504,504,BUSINESS,BUSINESS
505,505,BUSINESS,BUSINESS
506,506,BUSINESS,BUSINESS
507,507,TRAVEL,TRAVEL
508,508,STYLE & BEAUTY,STYLE & BEAUTY
509,509,STYLE & BEAUTY,STYLE & BEAUTY
510,510,TRAVEL,TRAVEL
511,511,BUSINESS,BUSINESS
512,512,BUSINESS,BUSINESS
513,513,STYLE & BEAUTY,STYLE & BEAUTY
514,514,TRAVEL,TRAVEL
515,515,STYLE & BEAUTY,STYLE & BEAUTY
516,516,TRAVEL,TRAVEL
517,517,BUSINESS,BUSINESS
518,518,STYLE & BEAUTY,STYLE & BEAUTY
519,519,STYLE & BEAUTY,STYLE & BEAUTY
520,520,BUSINESS,BUSINESS
521,521,STYLE & BEAUTY,STYLE & BEAUTY
522,522,TRAVEL,TRAVEL
523,523,STYLE & BEAUTY,STYLE & BEAUTY
524,524,BUSINESS,BUSINESS
525,525,STYLE & BEAUTY,STYLE & BEAUTY
527,527,TRAVEL,TRAVEL
528,528,TRAVEL,TRAVEL
529,529,STYLE & BEAUTY,STYLE & BEAUTY
529,529,STYLE & BEAUTY,STYLE & BEAUTY
530,530,STYLE & BEAUTY,STYLE & BEAUTY
531,531,TRAVEL,TRAVEL
532,532,STYLE & BEAUTY,STYLE & BEAUTY
533,533,STYLE & BEAUTY,STYLE & BEAUTY
534,534,STYLE & BEAUTY,STYLE & BEAUTY
536,536,STYLE & BEAUTY,STYLE & BEAUTY
537,537,STYLE & BEAUTY,STYLE & BEAUTY
538,538,STYLE & BEAUTY,STYLE & BEAUTY
539,539,STYLE & BEAUTY,STYLE & BEAUTY
540,540,BUSINESS,BUSINESS
541,541,TRAVEL,TRAVEL
542,542,STYLE & BEAUTY,STYLE & BEAUTY
543,543,STYLE & BEAUTY,STYLE & BEAUTY
544,544,TRAVEL,TRAVEL
545,545,TRAVEL,TRAVEL
546,546,TRAVEL,TRAVEL
547,547,STYLE & BEAUTY,STYLE & BEAUTY
548,548,STYLE & BEAUTY,STYLE & BEAUTY
549,549,STYLE & BEAUTY,STYLE & BEAUTY
550,550,TRAVEL,TRAVEL
551,551,TRAVEL,TRAVEL
552,552,STYLE & BEAUTY,STYLE & BEAUTY
553,553,STYLE & BEAUTY,STYLE & BEAUTY
553,553,STYLE & BEAUTY,STYLE & BEAUTY
554,554,STYLE & BEAUTY,STYLE & BEAUTY
555,555,TRAVEL,TRAVEL
556,556,BUSINESS,BUSINESS
557,557,STYLE & BEAUTY,STYLE & BEAUTY
557,557,STYLE & BEAUTY,STYLE & BEAUTY
558,558,TRAVEL,TRAVEL
559,559,BUSINESS,BUSINESS
560,560,BUSINESS,BUSINESS
561,561,STYLE & BEAUTY,STYLE & BEAUTY
562,562,STYLE & BEAUTY,STYLE & BEAUTY
563,563,TRAVEL,TRAVEL
564,564,TRAVEL,TRAVEL
565,565,BUSINESS,STYLE & BEAUTY
566,566,TRAVEL,TRAVEL
567,567,BUSINESS,BUSINESS
568,568,STYLE & BEAUTY,STYLE & BEAUTY
569,569,STYLE & BEAUTY,STYLE & BEAUTY
570,570,STYLE & BEAUTY,STYLE & BEAUTY
571,571,BUSINESS,BUSINESS
572,572,TRAVEL,TRAVEL
573,573,TRAVEL,TRAVEL
574,574,TRAVEL,TRAVEL
575,575,TRAVEL,TRAVEL
576,576,TRAVEL,STYLE & BEAUTY
577,577,STYLE & BEAUTY,STYLE & BEAUTY
578,578,STYLE & BEAUTY,STYLE & BEAUTY
579,579,STYLE & BEAUTY,STYLE & BEAUTY
580,580,STYLE & BEAUTY,STYLE & BEAUTY
581,581,TRAVEL,TRAVEL
582,582,TRAVEL,TRAVEL
583,583,BUSINESS,BUSINESS
584,584,STYLE & BEAUTY,STYLE & BEAUTY
585,585,STYLE & BEAUTY,TRAVEL
586,586,BUSINESS,BUSINESS
587,587,BUSINESS,BUSINESS
588,588,TRAVEL,TRAVEL
589,589,BUSINESS,BUSINESS
590,590,BUSINESS,BUSINESS
591,591,STYLE & BEAUTY,STYLE & BEAUTY
592,592,TRAVEL,TRAVEL
593,593,STYLE & BEAUTY,STYLE & BEAUTY
594,594,TRAVEL,TRAVEL
595,595,STYLE & BEAUTY,STYLE & BEAUTY
596,596,TRAVEL,TRAVEL
597,597,TRAVEL,TRAVEL
598,598,TRAVEL,TRAVEL
599,599,STYLE & BEAUTY,STYLE & BEAUTY
600,600,TRAVEL,TRAVEL
601,601,TRAVEL,TRAVEL
602,602,BUSINESS,BUSINESS
603,603,STYLE & BEAUTY,STYLE & BEAUTY
604,604,STYLE & BEAUTY,STYLE & BEAUTY
605,605,STYLE & BEAUTY,STYLE & BEAUTY
606,606,BUSINESS,BUSINESS
607,607,BUSINESS,BUSINESS
608,608,TRAVEL,TRAVEL
609,609,STYLE & BEAUTY,STYLE & BEAUTY
610,610,TRAVEL,TRAVEL
611,611,BUSINESS,BUSINESS
612,612,TRAVEL,STYLE & BEAUTY
613,613,TRAVEL,TRAVEL
614,614,BUSINESS,BUSINESS
615,615,BUSINESS,BUSINESS
616,616,BUSINESS,BUSINESS
617,617,TRAVEL,TRAVEL
618,618,TRAVEL,TRAVEL
619,619,BUSINESS,BUSINESS
620,620,TRAVEL,TRAVEL
621,621,STYLE & BEAUTY,STYLE & BEAUTY
622,622,STYLE & BEAUTY,STYLE & BEAUTY
623,623,BUSINESS,BUSINESS
624,624,STYLE & BEAUTY,STYLE & BEAUTY
625,625,STYLE & BEAUTY,STYLE & BEAUTY
626,626,STYLE & BEAUTY,STYLE & BEAUTY
627,627,TRAVEL,TRAVEL
628,628,BUSINESS,BUSINESS
629,629,STYLE & BEAUTY,STYLE & BEAUTY
631,631,TRAVEL,TRAVEL
632,632,STYLE & BEAUTY,STYLE & BEAUTY
633,633,TRAVEL,TRAVEL
634,634,TRAVEL,TRAVEL
635,635,TRAVEL,TRAVEL
637,637,STYLE & BEAUTY,STYLE & BEAUTY
638,638,STYLE & BEAUTY,STYLE & BEAUTY
639,639,TRAVEL,BUSINESS
640,640,STYLE & BEAUTY,STYLE & BEAUTY
641,641,STYLE & BEAUTY,STYLE & BEAUTY
642,642,STYLE & BEAUTY,STYLE & BEAUTY
643,643,TRAVEL,BUSINESS
644,644,STYLE & BEAUTY,STYLE & BEAUTY
645,645,TRAVEL,TRAVEL
646,646,TRAVEL,TRAVEL
647,647,STYLE & BEAUTY,STYLE & BEAUTY
648,648,TRAVEL,TRAVEL
649,649,BUSINESS,BUSINESS
650,650,BUSINESS,BUSINESS
651,651,TRAVEL,TRAVEL
652,652,STYLE & BEAUTY,STYLE & BEAUTY
653,653,TRAVEL,TRAVEL
654,654,BUSINESS,BUSINESS
656,656,TRAVEL,TRAVEL
657,657,STYLE & BEAUTY,STYLE & BEAUTY
658,658,TRAVEL,TRAVEL
659,659,TRAVEL,TRAVEL
661,661,BUSINESS,BUSINESS
662,662,TRAVEL,TRAVEL
663,663,STYLE & BEAUTY,STYLE & BEAUTY
664,664,STYLE & BEAUTY,STYLE & BEAUTY
665,665,TRAVEL,TRAVEL
666,666,STYLE & BEAUTY,STYLE & BEAUTY
667,667,BUSINESS,BUSINESS
668,668,TRAVEL,TRAVEL
669,669,BUSINESS,STYLE & BEAUTY
670,670,STYLE & BEAUTY,STYLE & BEAUTY
670,670,STYLE & BEAUTY,STYLE & BEAUTY
671,671,STYLE & BEAUTY,STYLE & BEAUTY
672,672,STYLE & BEAUTY,STYLE & BEAUTY
673,673,BUSINESS,BUSINESS
674,674,TRAVEL,TRAVEL
675,675,STYLE & BEAUTY,STYLE & BEAUTY
676,676,BUSINESS,BUSINESS
677,677,STYLE & BEAUTY,STYLE & BEAUTY
677,677,STYLE & BEAUTY,STYLE & BEAUTY
678,678,BUSINESS,BUSINESS
679,679,BUSINESS,BUSINESS
680,680,TRAVEL,TRAVEL
681,681,TRAVEL,TRAVEL
682,682,TRAVEL,TRAVEL
683,683,BUSINESS,BUSINESS
684,684,TRAVEL,TRAVEL
685,685,TRAVEL,TRAVEL
686,686,STYLE & BEAUTY,STYLE & BEAUTY
687,687,BUSINESS,BUSINESS
688,688,TRAVEL,BUSINESS
689,689,TRAVEL,TRAVEL
690,690,TRAVEL,TRAVEL
691,691,STYLE & BEAUTY,STYLE & BEAUTY
693,693,TRAVEL,TRAVEL
694,694,TRAVEL,TRAVEL
695,695,STYLE & BEAUTY,STYLE & BEAUTY
696,696,TRAVEL,TRAVEL
697,697,TRAVEL,TRAVEL
698,698,BUSINESS,BUSINESS
699,699,STYLE & BEAUTY,STYLE & BEAUTY
700,700,BUSINESS,BUSINESS
701,701,STYLE & BEAUTY,STYLE & BEAUTY
702,702,TRAVEL,BUSINESS
703,703,STYLE & BEAUTY,STYLE & BEAUTY
704,704,TRAVEL,TRAVEL
705,705,TRAVEL,TRAVEL
706,706,STYLE & BEAUTY,STYLE & BEAUTY
707,707,STYLE & BEAUTY,STYLE & BEAUTY
708,708,STYLE & BEAUTY,STYLE & BEAUTY
709,709,TRAVEL,TRAVEL
712,712,STYLE & BEAUTY,STYLE & BEAUTY
712,712,STYLE & BEAUTY,STYLE & BEAUTY
713,713,STYLE & BEAUTY,STYLE & BEAUTY
715,715,STYLE & BEAUTY,STYLE & BEAUTY
715,715,STYLE & BEAUTY,STYLE & BEAUTY
716,716,STYLE & BEAUTY,STYLE & BEAUTY
717,717,STYLE & BEAUTY,STYLE & BEAUTY
718,718,BUSINESS,BUSINESS
719,719,TRAVEL,TRAVEL
720,720,TRAVEL,TRAVEL
720,720,TRAVEL,TRAVEL
720,720,TRAVEL,TRAVEL
721,721,BUSINESS,BUSINESS
722,722,TRAVEL,TRAVEL
723,723,TRAVEL,TRAVEL
724,724,STYLE & BEAUTY,TRAVEL
725,725,TRAVEL,TRAVEL
726,726,BUSINESS,BUSINESS
727,727,STYLE & BEAUTY,STYLE & BEAUTY
728,728,TRAVEL,TRAVEL
729,729,TRAVEL,TRAVEL
730,730,BUSINESS,BUSINESS
731,731,TRAVEL,TRAVEL
732,732,TRAVEL,TRAVEL
733,733,BUSINESS,BUSINESS
734,734,STYLE & BEAUTY,STYLE & BEAUTY
734,734,STYLE & BEAUTY,STYLE & BEAUTY
735,735,STYLE & BEAUTY,STYLE & BEAUTY
736,736,TRAVEL,TRAVEL
737,737,STYLE & BEAUTY,STYLE & BEAUTY
738,738,TRAVEL,TRAVEL
739,739,TRAVEL,BUSINESS
741,741,TRAVEL,TRAVEL
742,742,TRAVEL,TRAVEL
743,743,TRAVEL,TRAVEL
744,744,BUSINESS,BUSINESS
745,745,TRAVEL,TRAVEL
746,746,STYLE & BEAUTY,STYLE & BEAUTY
747,747,BUSINESS,BUSINESS
748,748,TRAVEL,TRAVEL
750,750,STYLE & BEAUTY,STYLE & BEAUTY
751,751,TRAVEL,TRAVEL
752,752,BUSINESS,STYLE & BEAUTY
753,753,BUSINESS,BUSINESS
754,754,TRAVEL,TRAVEL
755,755,STYLE & BEAUTY,STYLE & BEAUTY
756,756,STYLE & BEAUTY,STYLE & BEAUTY
757,757,TRAVEL,TRAVEL
758,758,BUSINESS,BUSINESS
759,759,STYLE & BEAUTY,STYLE & BEAUTY
760,760,TRAVEL,TRAVEL
761,761,TRAVEL,TRAVEL
762,762,STYLE & BEAUTY,STYLE & BEAUTY
763,763,TRAVEL,TRAVEL
764,764,TRAVEL,TRAVEL
765,765,STYLE & BEAUTY,STYLE & BEAUTY
766,766,STYLE & BEAUTY,STYLE & BEAUTY
767,767,TRAVEL,TRAVEL
768,768,STYLE & BEAUTY,STYLE & BEAUTY
769,769,TRAVEL,BUSINESS
770,770,TRAVEL,TRAVEL
771,771,TRAVEL,TRAVEL
772,772,TRAVEL,TRAVEL
773,773,BUSINESS,BUSINESS
774,774,BUSINESS,BUSINESS
775,775,BUSINESS,BUSINESS
776,776,BUSINESS,BUSINESS
777,777,STYLE & BEAUTY,STYLE & BEAUTY
777,777,STYLE & BEAUTY,HOME & LIVING
777,777,STYLE & BEAUTY,STYLE & BEAUTY
777,777,STYLE & BEAUTY,STYLE & BEAUTY
777,777,STYLE & BEAUTY,STYLE & BEAUTY
778,778,TRAVEL,TRAVEL
779,779,BUSINESS,BUSINESS
780,780,TRAVEL,TRAVEL
781,781,TRAVEL,TRAVEL
782,782,STYLE & BEAUTY,STYLE & BEAUTY
783,783,BUSINESS,TRAVEL
785,785,BUSINESS,BUSINESS
786,786,STYLE & BEAUTY,STYLE & BEAUTY
787,787,BUSINESS,BUSINESS
788,788,TRAVEL,TRAVEL
789,789,STYLE & BEAUTY,STYLE & BEAUTY
790,790,BUSINESS,BUSINESS
791,791,BUSINESS,BUSINESS
792,792,TRAVEL,TRAVEL
793,793,STYLE & BEAUTY,STYLE & BEAUTY
794,794,TRAVEL,TRAVEL
795,795,BUSINESS,BUSINESS
796,796,STYLE & BEAUTY,STYLE & BEAUTY
797,797,STYLE & BEAUTY,STYLE & BEAUTY
798,798,TRAVEL,TRAVEL
799,799,STYLE & BEAUTY,STYLE & BEAUTY
800,800,BUSINESS,BUSINESS
801,801,BUSINESS,BUSINESS
802,802,STYLE & BEAUTY,STYLE & BEAUTY
802,802,STYLE & BEAUTY,STYLE & BEAUTY
803,803,STYLE & BEAUTY,STYLE & BEAUTY
804,804,STYLE & BEAUTY,STYLE & BEAUTY
805,805,BUSINESS,BUSINESS
806,806,BUSINESS,BUSINESS
807,807,STYLE & BEAUTY,STYLE & BEAUTY
808,808,STYLE & BEAUTY,STYLE & BEAUTY
809,809,STYLE & BEAUTY,STYLE & BEAUTY
810,810,BUSINESS,BUSINESS
811,811,TRAVEL,TRAVEL
812,812,BUSINESS,STYLE & BEAUTY
813,813,TRAVEL,TRAVEL
814,814,BUSINESS,STYLE & BEAUTY
815,815,TRAVEL,TRAVEL
816,816,STYLE & BEAUTY,STYLE & BEAUTY
817,817,TRAVEL,TRAVEL
818,818,BUSINESS,BUSINESS
819,819,STYLE & BEAUTY,STYLE & BEAUTY
820,820,TRAVEL,TRAVEL
821,821,STYLE & BEAUTY,STYLE & BEAUTY
822,822,TRAVEL,TRAVEL
823,823,BUSINESS,BUSINESS
824,824,TRAVEL,TRAVEL
825,825,TRAVEL,TRAVEL
826,826,TRAVEL,TRAVEL
827,827,BUSINESS,BUSINESS
828,828,TRAVEL,TRAVEL
829,829,BUSINESS,BUSINESS
830,830,BUSINESS,BUSINESS
831,831,STYLE & BEAUTY,STYLE & BEAUTY
832,832,TRAVEL,TRAVEL
833,833,BUSINESS,BUSINESS
834,834,STYLE & BEAUTY,STYLE & BEAUTY
834,834,STYLE & BEAUTY,STYLE & BEAUTY
834,834,STYLE & BEAUTY,STYLE & BEAUTY
834,834,STYLE & BEAUTY,STYLE & BEAUTY
834,834,STYLE & BEAUTY,STYLE & BEAUTY
834,834,STYLE & BEAUTY,STYLE & BEAUTY
834,834,STYLE & BEAUTY,STYLE & BEAUTY
834,834,STYLE & BEAUTY,STYLE & BEAUTY
834,834,STYLE & BEAUTY,STYLE & BEAUTY
834,834,STYLE & BEAUTY,STYLE & BEAUTY
834,834,STYLE & BEAUTY,STYLE & BEAUTY
834,834,STYLE & BEAUTY,STYLE & BEAUTY
834,834,STYLE & BEAUTY,STYLE & BEAUTY
834,834,STYLE & BEAUTY,STYLE & BEAUTY
834,834,STYLE & BEAUTY,STYLE & BEAUTY
834,834,STYLE & BEAUTY,STYLE & BEAUTY
834,834,STYLE & BEAUTY,STYLE & BEAUTY
834,834,STYLE & BEAUTY,STYLE & BEAUTY
834,834,STYLE & BEAUTY,STYLE & BEAUTY
834,834,STYLE & BEAUTY,STYLE & BEAUTY
834,834,STYLE & BEAUTY,STYLE & BEAUTY
834,834,STYLE & BEAUTY,STYLE & BEAUTY
834,834,STYLE & BEAUTY,STYLE & BEAUTY
834,834,STYLE & BEAUTY,STYLE & BEAUTY
834,834,STYLE & BEAUTY,STYLE & BEAUTY
834,834,STYLE & BEAUTY,STYLE & BEAUTY
834,834,STYLE & BEAUTY,STYLE & BEAUTY
834,834,STYLE & BEAUTY,STYLE & BEAUTY
834,834,STYLE & BEAUTY,STYLE & BEAUTY
834,834,STYLE & BEAUTY,STYLE & BEAUTY
834,834,STYLE & BEAUTY,STYLE & BEAUTY
834,834,STYLE & BEAUTY,STYLE & BEAUTY
834,834,STYLE & BEAUTY,STYLE & BEAUTY
834,834,STYLE & BEAUTY,STYLE & BEAUTY
834,834,STYLE & BEAUTY,STYLE & BEAUTY
834,834,STYLE & BEAUTY,STYLE & BEAUTY
834,834,STYLE & BEAUTY,STYLE & BEAUTY
834,834,STYLE & BEAUTY,STYLE & BEAUTY
834,834,STYLE & BEAUTY,STYLE & BEAUTY
834,834,STYLE & BEAUTY,STYLE & BEAUTY
834,834,STYLE & BEAUTY,STYLE & BEAUTY
834,834,STYLE & BEAUTY,STYLE & BEAUTY
834,834,STYLE & BEAUTY,STYLE & BEAUTY
834,834,STYLE & BEAUTY,STYLE & BEAUTY
834,834,STYLE & BEAUTY,STYLE & BEAUTY
834,834,STYLE & BEAUTY,STYLE & BEAUTY
834,834,STYLE & BEAUTY,STYLE & BEAUTY
834,834,STYLE & BEAUTY,STYLE & BEAUTY
834,834,STYLE & BEAUTY,STYLE & BEAUTY
834,834,STYLE & BEAUTY,STYLE & BEAUTY
834,834,STYLE & BEAUTY,STYLE & BEAUTY
834,834,STYLE & BEAUTY,STYLE & BEAUTY
834,834,STYLE & BEAUTY,STYLE & BEAUTY
834,834,STYLE & BEAUTY,STYLE & BEAUTY
834,834,STYLE & BEAUTY,STYLE & BEAUTY
834,834,STYLE & BEAUTY,STYLE & BEAUTY
834,834,STYLE & BEAUTY,STYLE & BEAUTY
834,834,STYLE & BEAUTY,STYLE & BEAUTY
834,834,STYLE & BEAUTY,STYLE & BEAUTY
835,835,BUSINESS,BUSINESS
836,836,STYLE & BEAUTY,STYLE & BEAUTY
837,837,BUSINESS,BUSINESS
838,838,TRAVEL,TRAVEL
839,839,BUSINESS,BUSINESS
840,840,TRAVEL,TRAVEL
841,841,TRAVEL,TRAVEL
842,842,TRAVEL,TRAVEL
843,843,TRAVEL,TRAVEL
844,844,TRAVEL,TRAVEL
845,845,STYLE & BEAUTY,STYLE & BEAUTY
846,846,BUSINESS,BUSINESS
847,847,TRAVEL,TRAVEL
848,848,BUSINESS,BUSINESS
849,849,BUSINESS,BUSINESS
850,850,BUSINESS,BUSINESS
851,851,STYLE & BEAUTY,STYLE & BEAUTY
852,852,TRAVEL,TRAVEL
853,853,STYLE & BEAUTY,STYLE & BEAUTY
854,854,BUSINESS,BUSINESS
855,855,BUSINESS,BUSINESS
856,856,BUSINESS,BUSINESS
857,857,BUSINESS,BUSINESS
858,858,STYLE & BEAUTY,STYLE & BEAUTY
859,859,STYLE & BEAUTY,STYLE & BEAUTY
860,860,STYLE & BEAUTY,STYLE & BEAUTY
861,861,TRAVEL,TRAVEL
862,862,TRAVEL,TRAVEL
863,863,STYLE & BEAUTY,STYLE & BEAUTY
865,865,TRAVEL,TRAVEL
866,866,TRAVEL,TRAVEL
867,867,STYLE & BEAUTY,STYLE & BEAUTY
868,868,BUSINESS,BUSINESS
869,869,STYLE & BEAUTY,STYLE & BEAUTY
869,869,STYLE & BEAUTY,STYLE & BEAUTY
869,869,STYLE & BEAUTY,STYLE & BEAUTY
869,869,STYLE & BEAUTY,STYLE & BEAUTY
869,869,STYLE & BEAUTY,STYLE & BEAUTY
869,869,STYLE & BEAUTY,STYLE & BEAUTY
869,869,STYLE & BEAUTY,STYLE & BEAUTY
869,869,STYLE & BEAUTY,STYLE & BEAUTY
869,869,STYLE & BEAUTY,STYLE & BEAUTY
869,869,STYLE & BEAUTY,STYLE & BEAUTY
869,869,STYLE & BEAUTY,STYLE & BEAUTY
869,869,STYLE & BEAUTY,STYLE & BEAUTY
869,869,STYLE & BEAUTY,STYLE & BEAUTY
869,869,STYLE & BEAUTY,STYLE & BEAUTY
869,869,STYLE & BEAUTY,STYLE & BEAUTY
869,869,STYLE & BEAUTY,STYLE & BEAUTY
869,869,STYLE & BEAUTY,STYLE & BEAUTY
870,870,BUSINESS,BUSINESS
871,871,TRAVEL,TRAVEL
872,872,TRAVEL,TRAVEL
873,873,STYLE & BEAUTY,STYLE & BEAUTY
874,874,TRAVEL,TRAVEL
875,875,TRAVEL,TRAVEL
876,876,TRAVEL,TRAVEL
877,877,STYLE & BEAUTY,STYLE & BEAUTY
879,879,BUSINESS,BUSINESS
880,880,TRAVEL,TRAVEL
881,881,STYLE & BEAUTY,STYLE & BEAUTY
882,882,TRAVEL,TRAVEL
883,883,TRAVEL,TRAVEL
884,884,TRAVEL,TRAVEL
885,885,TRAVEL,TRAVEL
886,886,TRAVEL,TRAVEL
887,887,TRAVEL,TRAVEL
888,888,STYLE & BEAUTY,STYLE & BEAUTY
889,889,STYLE & BEAUTY,STYLE & BEAUTY
891,891,TRAVEL,TRAVEL
892,892,TRAVEL,TRAVEL
893,893,STYLE & BEAUTY,STYLE & BEAUTY
894,894,TRAVEL,TRAVEL
895,895,BUSINESS,BUSINESS
896,896,STYLE & BEAUTY,STYLE & BEAUTY
897,897,STYLE & BEAUTY,STYLE & BEAUTY
898,898,TRAVEL,TRAVEL
899,899,STYLE & BEAUTY,STYLE & BEAUTY
900,900,BUSINESS,BUSINESS
901,901,BUSINESS,BUSINESS
902,902,STYLE & BEAUTY,STYLE & BEAUTY
903,903,STYLE & BEAUTY,BUSINESS
904,904,TRAVEL,TRAVEL
905,905,TRAVEL,TRAVEL
906,906,TRAVEL,TRAVEL
907,907,STYLE & BEAUTY,STYLE & BEAUTY
908,908,BUSINESS,BUSINESS
909,909,STYLE & BEAUTY,STYLE & BEAUTY
909,909,STYLE & BEAUTY,STYLE & BEAUTY
910,910,STYLE & BEAUTY,STYLE & BEAUTY
910,910,STYLE & BEAUTY,STYLE & BEAUTY
911,911,TRAVEL,TRAVEL
912,912,TRAVEL,STYLE & BEAUTY
913,913,STYLE & BEAUTY,STYLE & BEAUTY
914,914,BUSINESS,BUSINESS
915,915,TRAVEL,TRAVEL
916,916,TRAVEL,TRAVEL
917,917,STYLE & BEAUTY,STYLE & BEAUTY
918,918,STYLE & BEAUTY,STYLE & BEAUTY
919,919,TRAVEL,TRAVEL
921,921,BUSINESS,BUSINESS
923,923,TRAVEL,TRAVEL
924,924,STYLE & BEAUTY,STYLE & BEAUTY
925,925,TRAVEL,TRAVEL
926,926,STYLE & BEAUTY,STYLE & BEAUTY
927,927,TRAVEL,TRAVEL
928,928,BUSINESS,BUSINESS
930,930,TRAVEL,TRAVEL
931,931,STYLE & BEAUTY,TRAVEL
932,932,STYLE & BEAUTY,STYLE & BEAUTY
932,932,STYLE & BEAUTY,STYLE & BEAUTY
933,933,STYLE & BEAUTY,STYLE & BEAUTY
934,934,STYLE & BEAUTY,STYLE & BEAUTY
935,935,STYLE & BEAUTY,STYLE & BEAUTY
936,936,TRAVEL,TRAVEL
938,938,TRAVEL,TRAVEL
939,939,STYLE & BEAUTY,STYLE & BEAUTY
940,940,STYLE & BEAUTY,STYLE & BEAUTY
941,941,TRAVEL,TRAVEL
942,942,BUSINESS,BUSINESS
943,943,STYLE & BEAUTY,STYLE & BEAUTY
944,944,STYLE & BEAUTY,STYLE & BEAUTY
944,944,STYLE & BEAUTY,STYLE & BEAUTY
945,945,STYLE & BEAUTY,STYLE & BEAUTY
947,947,TRAVEL,TRAVEL
948,948,TRAVEL,TRAVEL
949,949,BUSINESS,TRAVEL
950,950,STYLE & BEAUTY,STYLE & BEAUTY
951,951,STYLE & BEAUTY,TRAVEL
952,952,STYLE & BEAUTY,STYLE & BEAUTY
953,953,STYLE & BEAUTY,STYLE & BEAUTY
954,954,STYLE & BEAUTY,STYLE & BEAUTY
955,955,BUSINESS,BUSINESS
956,956,STYLE & BEAUTY,STYLE & BEAUTY
958,958,BUSINESS,BUSINESS
959,959,TRAVEL,TRAVEL
960,960,STYLE & BEAUTY,STYLE & BEAUTY
961,961,TRAVEL,TRAVEL
962,962,BUSINESS,BUSINESS
963,963,TRAVEL,TRAVEL
964,964,STYLE & BEAUTY,STYLE & BEAUTY
965,965,BUSINESS,BUSINESS
966,966,TRAVEL,STYLE & BEAUTY
967,967,STYLE & BEAUTY,STYLE & BEAUTY
968,968,STYLE & BEAUTY,STYLE & BEAUTY
968,968,STYLE & BEAUTY,STYLE & BEAUTY
969,969,BUSINESS,BUSINESS
970,970,TRAVEL,TRAVEL
971,971,TRAVEL,BUSINESS
973,973,TRAVEL,TRAVEL
974,974,TRAVEL,TRAVEL
975,975,TRAVEL,STYLE & BEAUTY
976,976,STYLE & BEAUTY,STYLE & BEAUTY
976,976,STYLE & BEAUTY,STYLE & BEAUTY
977,977,TRAVEL,TRAVEL
978,978,BUSINESS,BUSINESS
979,979,TRAVEL,TRAVEL
980,980,STYLE & BEAUTY,STYLE & BEAUTY
981,981,BUSINESS,BUSINESS
982,982,BUSINESS,BUSINESS
983,983,TRAVEL,TRAVEL
984,984,STYLE & BEAUTY,STYLE & BEAUTY
984,984,STYLE & BEAUTY,STYLE & BEAUTY
985,985,TRAVEL,STYLE & BEAUTY
986,986,TRAVEL,TRAVEL
987,987,STYLE & BEAUTY,STYLE & BEAUTY
988,988,STYLE & BEAUTY,STYLE & BEAUTY
989,989,STYLE & BEAUTY,STYLE & BEAUTY
990,990,BUSINESS,BUSINESS
991,991,STYLE & BEAUTY,STYLE & BEAUTY
992,992,STYLE & BEAUTY,STYLE & BEAUTY
993,993,BUSINESS,BUSINESS
994,994,BUSINESS,BUSINESS
995,995,STYLE & BEAUTY,STYLE & BEAUTY
996,996,TRAVEL,TRAVEL
997,997,TRAVEL,TRAVEL
998,998,TRAVEL,TRAVEL
999,999,TRAVEL,TRAVEL
1000,1000,STYLE & BEAUTY,STYLE & BEAUTY
1003,1003,TRAVEL,TRAVEL
1004,1004,STYLE & BEAUTY,STYLE & BEAUTY
1005,1005,BUSINESS,BUSINESS
1006,1006,BUSINESS,BUSINESS
1007,1007,TRAVEL,TRAVEL
1008,1008,STYLE & BEAUTY,STYLE & BEAUTY
1009,1009,BUSINESS,BUSINESS
1010,1010,BUSINESS,BUSINESS
1011,1011,TRAVEL,TRAVEL
1012,1012,TRAVEL,TRAVEL
1013,1013,TRAVEL,TRAVEL
1014,1014,TRAVEL,TRAVEL
1015,1015,STYLE & BEAUTY,STYLE & BEAUTY
1016,1016,BUSINESS,BUSINESS
1017,1017,TRAVEL,TRAVEL
1018,1018,STYLE & BEAUTY,STYLE & BEAUTY
1019,1019,STYLE & BEAUTY,STYLE & BEAUTY
1020,1020,STYLE & BEAUTY,STYLE & BEAUTY
1021,1021,STYLE & BEAUTY,STYLE & BEAUTY
1021,1021,STYLE & BEAUTY,STYLE & BEAUTY
1022,1022,BUSINESS,BUSINESS
1023,1023,TRAVEL,TRAVEL
1024,1024,BUSINESS,BUSINESS
1025,1025,BUSINESS,BUSINESS
1026,1026,TRAVEL,TRAVEL
1027,1027,STYLE & BEAUTY,STYLE & BEAUTY
1028,1028,TRAVEL,TRAVEL
1029,1029,STYLE & BEAUTY,STYLE & BEAUTY
1030,1030,BUSINESS,BUSINESS
1031,1031,TRAVEL,TRAVEL
1032,1032,BUSINESS,BUSINESS
1033,1033,TRAVEL,TRAVEL
1034,1034,STYLE & BEAUTY,STYLE & BEAUTY
1035,1035,BUSINESS,BUSINESS
1036,1036,TRAVEL,TRAVEL
1037,1037,BUSINESS,BUSINESS
1038,1038,STYLE & BEAUTY,STYLE & BEAUTY
1039,1039,STYLE & BEAUTY,STYLE & BEAUTY
1039,1039,STYLE & BEAUTY,STYLE & BEAUTY
1040,1040,STYLE & BEAUTY,STYLE & BEAUTY
1041,1041,TRAVEL,TRAVEL
1042,1042,STYLE & BEAUTY,STYLE & BEAUTY
1043,1043,TRAVEL,TRAVEL
1044,1044,BUSINESS,BUSINESS
1045,1045,BUSINESS,BUSINESS
1046,1046,TRAVEL,TRAVEL
1047,1047,TRAVEL,TRAVEL
1048,1048,STYLE & BEAUTY,STYLE & BEAUTY
1049,1049,TRAVEL,TRAVEL
1050,1050,TRAVEL,TRAVEL
1051,1051,STYLE & BEAUTY,STYLE & BEAUTY
1052,1052,STYLE & BEAUTY,STYLE & BEAUTY
1053,1053,STYLE & BEAUTY,STYLE & BEAUTY
1054,1054,BUSINESS,BUSINESS
1055,1055,BUSINESS,BUSINESS
1056,1056,STYLE & BEAUTY,STYLE & BEAUTY
1057,1057,STYLE & BEAUTY,STYLE & BEAUTY
1059,1059,STYLE & BEAUTY,STYLE & BEAUTY
1060,1060,STYLE & BEAUTY,STYLE & BEAUTY
1062,1062,TRAVEL,TRAVEL
1063,1063,BUSINESS,BUSINESS
1064,1064,STYLE & BEAUTY,STYLE & BEAUTY
1065,1065,STYLE & BEAUTY,STYLE & BEAUTY
1065,1065,STYLE & BEAUTY,STYLE & BEAUTY
1066,1066,TRAVEL,TRAVEL
1067,1067,STYLE & BEAUTY,STYLE & BEAUTY
1068,1068,STYLE & BEAUTY,STYLE & BEAUTY
1069,1069,TRAVEL,TRAVEL
1070,1070,STYLE & BEAUTY,STYLE & BEAUTY
1071,1071,STYLE & BEAUTY,STYLE & BEAUTY
1072,1072,TRAVEL,TRAVEL
1073,1073,BUSINESS,STYLE & BEAUTY
1074,1074,TRAVEL,TRAVEL
1075,1075,TRAVEL,TRAVEL
1076,1076,BUSINESS,BUSINESS
1077,1077,TRAVEL,TRAVEL
1078,1078,STYLE & BEAUTY,STYLE & BEAUTY
1079,1079,STYLE & BEAUTY,STYLE & BEAUTY
1080,1080,TRAVEL,TRAVEL
1081,1081,TRAVEL,TRAVEL
1082,1082,STYLE & BEAUTY,STYLE & BEAUTY
1083,1083,BUSINESS,BUSINESS
1084,1084,BUSINESS,BUSINESS
1085,1085,STYLE & BEAUTY,STYLE & BEAUTY
1086,1086,STYLE & BEAUTY,STYLE & BEAUTY
1087,1087,TRAVEL,STYLE & BEAUTY
1087,1087,TRAVEL,STYLE & BEAUTY
1088,1088,TRAVEL,TRAVEL
1089,1089,TRAVEL,TRAVEL
1090,1090,STYLE & BEAUTY,STYLE & BEAUTY
1091,1091,STYLE & BEAUTY,STYLE & BEAUTY
1092,1092,STYLE & BEAUTY,STYLE & BEAUTY
1093,1093,TRAVEL,TRAVEL
1094,1094,STYLE & BEAUTY,STYLE & BEAUTY
1095,1095,TRAVEL,TRAVEL
1096,1096,STYLE & BEAUTY,STYLE & BEAUTY
1097,1097,STYLE & BEAUTY,STYLE & BEAUTY
1098,1098,STYLE & BEAUTY,STYLE & BEAUTY
1099,1099,TRAVEL,TRAVEL
1100,1100,TRAVEL,TRAVEL
1101,1101,TRAVEL,TRAVEL
1102,1102,STYLE & BEAUTY,STYLE & BEAUTY
1103,1103,TRAVEL,TRAVEL
1104,1104,STYLE & BEAUTY,STYLE & BEAUTY
1106,1106,TRAVEL,TRAVEL
1107,1107,TRAVEL,TRAVEL
1108,1108,BUSINESS,BUSINESS
1109,1109,STYLE & BEAUTY,STYLE & BEAUTY
1109,1109,STYLE & BEAUTY,STYLE & BEAUTY
1110,1110,BUSINESS,BUSINESS
1111,1111,TRAVEL,TRAVEL
1112,1112,STYLE & BEAUTY,STYLE & BEAUTY
1113,1113,STYLE & BEAUTY,STYLE & BEAUTY
1114,1114,STYLE & BEAUTY,STYLE & BEAUTY
1115,1115,TRAVEL,TRAVEL
1116,1116,BUSINESS,BUSINESS
1117,1117,BUSINESS,BUSINESS
1118,1118,BUSINESS,BUSINESS
1119,1119,BUSINESS,BUSINESS
1120,1120,BUSINESS,BUSINESS
1122,1122,TRAVEL,TRAVEL
1123,1123,STYLE & BEAUTY,STYLE & BEAUTY
1123,1123,STYLE & BEAUTY,STYLE & BEAUTY
1124,1124,TRAVEL,TRAVEL
1125,1125,TRAVEL,TRAVEL
1126,1126,TRAVEL,TRAVEL
1127,1127,BUSINESS,BUSINESS
1128,1128,STYLE & BEAUTY,BUSINESS
1129,1129,TRAVEL,TRAVEL
1130,1130,STYLE & BEAUTY,STYLE & BEAUTY
1131,1131,TRAVEL,TRAVEL
1132,1132,TRAVEL,TRAVEL
1133,1133,TRAVEL,TRAVEL
1134,1134,STYLE & BEAUTY,STYLE & BEAUTY
1135,1135,TRAVEL,TRAVEL
1137,1137,STYLE & BEAUTY,STYLE & BEAUTY
1138,1138,BUSINESS,BUSINESS
1139,1139,TRAVEL,TRAVEL
1140,1140,STYLE & BEAUTY,STYLE & BEAUTY
1141,1141,STYLE & BEAUTY,STYLE & BEAUTY
1142,1142,BUSINESS,BUSINESS
1143,1143,BUSINESS,BUSINESS
1144,1144,STYLE & BEAUTY,STYLE & BEAUTY
1145,1145,TRAVEL,TRAVEL
1146,1146,STYLE & BEAUTY,STYLE & BEAUTY
1147,1147,TRAVEL,TRAVEL
1148,1148,STYLE & BEAUTY,STYLE & BEAUTY
1149,1149,BUSINESS,BUSINESS
1150,1150,TRAVEL,TRAVEL
1151,1151,TRAVEL,TRAVEL
1152,1152,BUSINESS,BUSINESS
1153,1153,STYLE & BEAUTY,STYLE & BEAUTY
1154,1154,TRAVEL,TRAVEL
1155,1155,BUSINESS,BUSINESS
1156,1156,STYLE & BEAUTY,STYLE & BEAUTY
1157,1157,TRAVEL,TRAVEL
1158,1158,TRAVEL,TRAVEL
1159,1159,STYLE & BEAUTY,STYLE & BEAUTY
1159,1159,STYLE & BEAUTY,STYLE & BEAUTY
1160,1160,BUSINESS,BUSINESS
1161,1161,TRAVEL,TRAVEL
1162,1162,TRAVEL,TRAVEL
1163,1163,TRAVEL,TRAVEL
1164,1164,TRAVEL,TRAVEL
1165,1165,TRAVEL,TRAVEL
1166,1166,STYLE & BEAUTY,STYLE & BEAUTY
1167,1167,TRAVEL,TRAVEL
1168,1168,STYLE & BEAUTY,STYLE & BEAUTY
1168,1168,STYLE & BEAUTY,STYLE & BEAUTY
1169,1169,BUSINESS,BUSINESS
1170,1170,TRAVEL,TRAVEL
1172,1172,STYLE & BEAUTY,STYLE & BEAUTY
1173,1173,BUSINESS,BUSINESS
1174,1174,STYLE & BEAUTY,STYLE & BEAUTY
1175,1175,BUSINESS,BUSINESS
1176,1176,TRAVEL,TRAVEL
1177,1177,TRAVEL,TRAVEL
1178,1178,TRAVEL,TRAVEL
1179,1179,STYLE & BEAUTY,STYLE & BEAUTY
1180,1180,TRAVEL,TRAVEL
1181,1181,STYLE & BEAUTY,STYLE & BEAUTY
1182,1182,BUSINESS,BUSINESS
1183,1183,BUSINESS,BUSINESS
1184,1184,TRAVEL,TRAVEL
1185,1185,STYLE & BEAUTY,STYLE & BEAUTY
1186,1186,TRAVEL,TRAVEL
1187,1187,TRAVEL,TRAVEL
1188,1188,STYLE & BEAUTY,STYLE & BEAUTY
1189,1189,STYLE & BEAUTY,STYLE & BEAUTY
1190,1190,BUSINESS,BUSINESS
1191,1191,TRAVEL,TRAVEL
1192,1192,TRAVEL,TRAVEL
1194,1194,STYLE & BEAUTY,STYLE & BEAUTY
1195,1195,STYLE & BEAUTY,STYLE & BEAUTY
1195,1195,STYLE & BEAUTY,STYLE & BEAUTY
1196,1196,TRAVEL,TRAVEL
1197,1197,STYLE & BEAUTY,STYLE & BEAUTY
1198,1198,BUSINESS,BUSINESS
1199,1199,TRAVEL,TRAVEL
1200,1200,TRAVEL,TRAVEL
1201,1201,TRAVEL,TRAVEL
1202,1202,TRAVEL,TRAVEL
1204,1204,TRAVEL,TRAVEL
1205,1205,STYLE & BEAUTY,STYLE & BEAUTY
1206,1206,STYLE & BEAUTY,STYLE & BEAUTY
1207,1207,TRAVEL,TRAVEL
1208,1208,TRAVEL,TRAVEL
1209,1209,STYLE & BEAUTY,STYLE & BEAUTY
1210,1210,TRAVEL,TRAVEL
1211,1211,STYLE & BEAUTY,STYLE & BEAUTY
1212,1212,STYLE & BEAUTY,STYLE & BEAUTY
1213,1213,STYLE & BEAUTY,STYLE & BEAUTY
1214,1214,STYLE & BEAUTY,STYLE & BEAUTY
1215,1215,STYLE & BEAUTY,STYLE & BEAUTY
1216,1216,TRAVEL,TRAVEL
1217,1217,STYLE & BEAUTY,STYLE & BEAUTY
1218,1218,TRAVEL,TRAVEL
1219,1219,TRAVEL,TRAVEL
1220,1220,BUSINESS,BUSINESS
1221,1221,TRAVEL,TRAVEL
1222,1222,TRAVEL,TRAVEL
1223,1223,STYLE & BEAUTY,STYLE & BEAUTY
1224,1224,STYLE & BEAUTY,STYLE & BEAUTY
1225,1225,TRAVEL,TRAVEL
1226,1226,TRAVEL,TRAVEL
1227,1227,STYLE & BEAUTY,STYLE & BEAUTY
1227,1227,STYLE & BEAUTY,STYLE & BEAUTY
1228,1228,TRAVEL,STYLE & BEAUTY
1229,1229,STYLE & BEAUTY,STYLE & BEAUTY
1230,1230,BUSINESS,BUSINESS
1231,1231,STYLE & BEAUTY,STYLE & BEAUTY
1231,1231,STYLE & BEAUTY,STYLE & BEAUTY
1231,1231,STYLE & BEAUTY,STYLE & BEAUTY
1231,1231,STYLE & BEAUTY,STYLE & BEAUTY
1231,1231,STYLE & BEAUTY,STYLE & BEAUTY
1231,1231,STYLE & BEAUTY,STYLE & BEAUTY
1231,1231,STYLE & BEAUTY,STYLE & BEAUTY
1231,1231,STYLE & BEAUTY,STYLE & BEAUTY
1231,1231,STYLE & BEAUTY,STYLE & BEAUTY
1231,1231,STYLE & BEAUTY,STYLE & BEAUTY
1231,1231,STYLE & BEAUTY,STYLE & BEAUTY
1231,1231,STYLE & BEAUTY,STYLE & BEAUTY
1231,1231,STYLE & BEAUTY,STYLE & BEAUTY
1231,1231,STYLE & BEAUTY,STYLE & BEAUTY
1231,1231,STYLE & BEAUTY,STYLE & BEAUTY
1231,1231,STYLE & BEAUTY,STYLE & BEAUTY
1231,1231,STYLE & BEAUTY,STYLE & BEAUTY
1231,1231,STYLE & BEAUTY,STYLE & BEAUTY
1231,1231,STYLE & BEAUTY,STYLE & BEAUTY
1231,1231,STYLE & BEAUTY,STYLE & BEAUTY
1231,1231,STYLE & BEAUTY,STYLE & BEAUTY
1231,1231,STYLE & BEAUTY,STYLE & BEAUTY
1231,1231,STYLE & BEAUTY,STYLE & BEAUTY
1231,1231,STYLE & BEAUTY,STYLE & BEAUTY
1231,1231,STYLE & BEAUTY,STYLE & BEAUTY
1231,1231,STYLE & BEAUTY,STYLE & BEAUTY
1231,1231,STYLE & BEAUTY,STYLE & BEAUTY
1231,1231,STYLE & BEAUTY,STYLE & BEAUTY
1231,1231,STYLE & BEAUTY,STYLE & BEAUTY
1231,1231,STYLE & BEAUTY,STYLE & BEAUTY
1231,1231,STYLE & BEAUTY,STYLE & BEAUTY
1231,1231,STYLE & BEAUTY,STYLE & BEAUTY
1231,1231,STYLE & BEAUTY,STYLE & BEAUTY
1231,1231,STYLE & BEAUTY,STYLE & BEAUTY
1231,1231,STYLE & BEAUTY,STYLE & BEAUTY
1231,1231,STYLE & BEAUTY,STYLE & BEAUTY
1231,1231,STYLE & BEAUTY,STYLE & BEAUTY
1231,1231,STYLE & BEAUTY,STYLE & BEAUTY
1231,1231,STYLE & BEAUTY,STYLE & BEAUTY
1231,1231,STYLE & BEAUTY,STYLE & BEAUTY
1231,1231,STYLE & BEAUTY,STYLE & BEAUTY
1231,1231,STYLE & BEAUTY,STYLE & BEAUTY
1231,1231,STYLE & BEAUTY,STYLE & BEAUTY
1231,1231,STYLE & BEAUTY,STYLE & BEAUTY
1231,1231,STYLE & BEAUTY,STYLE & BEAUTY
1231,1231,STYLE & BEAUTY,STYLE & BEAUTY
1231,1231,STYLE & BEAUTY,STYLE & BEAUTY
1231,1231,STYLE & BEAUTY,STYLE & BEAUTY
1231,1231,STYLE & BEAUTY,STYLE & BEAUTY
1231,1231,STYLE & BEAUTY,STYLE & BEAUTY
1231,1231,STYLE & BEAUTY,STYLE & BEAUTY
1231,1231,STYLE & BEAUTY,STYLE & BEAUTY
1231,1231,STYLE & BEAUTY,STYLE & BEAUTY
1231,1231,STYLE & BEAUTY,STYLE & BEAUTY
1231,1231,STYLE & BEAUTY,STYLE & BEAUTY
1231,1231,STYLE & BEAUTY,STYLE & BEAUTY
1231,1231,STYLE & BEAUTY,STYLE & BEAUTY
1231,1231,STYLE & BEAUTY,STYLE & BEAUTY
1231,1231,STYLE & BEAUTY,STYLE & BEAUTY
1232,1232,STYLE & BEAUTY,STYLE & BEAUTY
1233,1233,BUSINESS,BUSINESS
1234,1234,STYLE & BEAUTY,STYLE & BEAUTY
1235,1235,STYLE & BEAUTY,STYLE & BEAUTY
1236,1236,BUSINESS,BUSINESS
1237,1237,STYLE & BEAUTY,STYLE & BEAUTY
1238,1238,TRAVEL,TRAVEL
1239,1239,STYLE & BEAUTY,STYLE & BEAUTY
1240,1240,TRAVEL,TRAVEL
1241,1241,STYLE & BEAUTY,STYLE & BEAUTY
1242,1242,BUSINESS,BUSINESS
1243,1243,BUSINESS,BUSINESS
1244,1244,STYLE & BEAUTY,STYLE & BEAUTY
1245,1245,STYLE & BEAUTY,STYLE & BEAUTY
1246,1246,STYLE & BEAUTY,STYLE & BEAUTY
1247,1247,STYLE & BEAUTY,STYLE & BEAUTY
1248,1248,BUSINESS,BUSINESS
1249,1249,BUSINESS,BUSINESS
1250,1250,STYLE & BEAUTY,STYLE & BEAUTY
1250,1250,STYLE & BEAUTY,STYLE & BEAUTY
1251,1251,TRAVEL,TRAVEL
1252,1252,TRAVEL,TRAVEL
1253,1253,STYLE & BEAUTY,STYLE & BEAUTY
1254,1254,STYLE & BEAUTY,STYLE & BEAUTY
1256,1256,BUSINESS,BUSINESS
1257,1257,BUSINESS,BUSINESS
1258,1258,STYLE & BEAUTY,STYLE & BEAUTY
1259,1259,STYLE & BEAUTY,STYLE & BEAUTY
1259,1259,STYLE & BEAUTY,STYLE & BEAUTY
1261,1261,TRAVEL,TRAVEL
1262,1262,TRAVEL,TRAVEL
1263,1263,TRAVEL,TRAVEL
1264,1264,TRAVEL,TRAVEL
1265,1265,TRAVEL,TRAVEL
1266,1266,TRAVEL,TRAVEL
1267,1267,TRAVEL,TRAVEL
1269,1269,STYLE & BEAUTY,STYLE & BEAUTY
1270,1270,BUSINESS,BUSINESS
1270,1270,BUSINESS,BUSINESS
1271,1271,STYLE & BEAUTY,STYLE & BEAUTY
1271,1271,STYLE & BEAUTY,STYLE & BEAUTY
1272,1272,STYLE & BEAUTY,STYLE & BEAUTY
1274,1274,TRAVEL,TRAVEL
1275,1275,STYLE & BEAUTY,STYLE & BEAUTY
1276,1276,TRAVEL,TRAVEL
1277,1277,BUSINESS,BUSINESS
1278,1278,STYLE & BEAUTY,STYLE & BEAUTY
1279,1279,TRAVEL,TRAVEL
1280,1280,TRAVEL,TRAVEL
1281,1281,BUSINESS,BUSINESS
1282,1282,STYLE & BEAUTY,STYLE & BEAUTY
1283,1283,BUSINESS,BUSINESS
1284,1284,BUSINESS,BUSINESS
1285,1285,STYLE & BEAUTY,STYLE & BEAUTY
1286,1286,STYLE & BEAUTY,STYLE & BEAUTY
1287,1287,BUSINESS,BUSINESS
1288,1288,BUSINESS,BUSINESS
1291,1291,TRAVEL,TRAVEL
1292,1292,TRAVEL,TRAVEL
1293,1293,TRAVEL,TRAVEL
1294,1294,STYLE & BEAUTY,STYLE & BEAUTY
1295,1295,STYLE & BEAUTY,STYLE & BEAUTY
1296,1296,BUSINESS,BUSINESS
1297,1297,TRAVEL,TRAVEL
1298,1298,STYLE & BEAUTY,STYLE & BEAUTY
1299,1299,TRAVEL,TRAVEL
1300,1300,STYLE & BEAUTY,STYLE & BEAUTY
1301,1301,TRAVEL,TRAVEL
1302,1302,STYLE & BEAUTY,STYLE & BEAUTY
1303,1303,STYLE & BEAUTY,STYLE & BEAUTY
1304,1304,STYLE & BEAUTY,STYLE & BEAUTY
1305,1305,TRAVEL,TRAVEL
1306,1306,BUSINESS,BUSINESS
1308,1308,TRAVEL,TRAVEL
1309,1309,TRAVEL,TRAVEL
1310,1310,STYLE & BEAUTY,STYLE & BEAUTY
1311,1311,TRAVEL,TRAVEL
1312,1312,TRAVEL,TRAVEL
1313,1313,BUSINESS,BUSINESS
1314,1314,BUSINESS,BUSINESS
1315,1315,BUSINESS,BUSINESS
1316,1316,STYLE & BEAUTY,STYLE & BEAUTY
1317,1317,BUSINESS,BUSINESS
1318,1318,TRAVEL,TRAVEL
1319,1319,STYLE & BEAUTY,STYLE & BEAUTY
1320,1320,TRAVEL,STYLE & BEAUTY
1321,1321,STYLE & BEAUTY,STYLE & BEAUTY
1322,1322,STYLE & BEAUTY,STYLE & BEAUTY
1323,1323,TRAVEL,TRAVEL
1324,1324,STYLE & BEAUTY,STYLE & BEAUTY
1325,1325,TRAVEL,TRAVEL
1326,1326,STYLE & BEAUTY,STYLE & BEAUTY
1327,1327,STYLE & BEAUTY,STYLE & BEAUTY
1328,1328,STYLE & BEAUTY,STYLE & BEAUTY
1329,1329,TRAVEL,TRAVEL
1330,1330,BUSINESS,BUSINESS
1331,1331,STYLE & BEAUTY,STYLE & BEAUTY
1332,1332,STYLE & BEAUTY,STYLE & BEAUTY
1333,1333,TRAVEL,TRAVEL
1334,1334,STYLE & BEAUTY,STYLE & BEAUTY
1335,1335,STYLE & BEAUTY,STYLE & BEAUTY
1336,1336,BUSINESS,BUSINESS
1337,1337,TRAVEL,TRAVEL
1338,1338,STYLE & BEAUTY,STYLE & BEAUTY
1338,1338,STYLE & BEAUTY,STYLE & BEAUTY
1339,1339,STYLE & BEAUTY,STYLE & BEAUTY
1340,1340,STYLE & BEAUTY,STYLE & BEAUTY
1341,1341,TRAVEL,TRAVEL
1342,1342,STYLE & BEAUTY,STYLE & BEAUTY
1343,1343,BUSINESS,BUSINESS
1344,1344,BUSINESS,BUSINESS
1345,1345,STYLE & BEAUTY,STYLE & BEAUTY
1346,1346,BUSINESS,BUSINESS
1347,1347,TRAVEL,TRAVEL
1348,1348,TRAVEL,TRAVEL
1349,1349,TRAVEL,STYLE & BEAUTY
1350,1350,TRAVEL,TRAVEL
1351,1351,BUSINESS,BUSINESS
1352,1352,STYLE & BEAUTY,STYLE & BEAUTY
1353,1353,BUSINESS,BUSINESS
1354,1354,STYLE & BEAUTY,STYLE & BEAUTY
1355,1355,STYLE & BEAUTY,STYLE & BEAUTY
1356,1356,TRAVEL,TRAVEL
1357,1357,STYLE & BEAUTY,STYLE & BEAUTY
1357,1357,STYLE & BEAUTY,STYLE & BEAUTY
1357,1357,STYLE & BEAUTY,STYLE & BEAUTY
1357,1357,STYLE & BEAUTY,STYLE & BEAUTY
1357,1357,STYLE & BEAUTY,STYLE & BEAUTY
1357,1357,STYLE & BEAUTY,STYLE & BEAUTY
1357,1357,STYLE & BEAUTY,STYLE & BEAUTY
1357,1357,STYLE & BEAUTY,STYLE & BEAUTY
1357,1357,STYLE & BEAUTY,STYLE & BEAUTY
1357,1357,STYLE & BEAUTY,STYLE & BEAUTY
1357,1357,STYLE & BEAUTY,STYLE & BEAUTY
1357,1357,STYLE & BEAUTY,STYLE & BEAUTY
1357,1357,STYLE & BEAUTY,STYLE & BEAUTY
1357,1357,STYLE & BEAUTY,STYLE & BEAUTY
1357,1357,STYLE & BEAUTY,STYLE & BEAUTY
1357,1357,STYLE & BEAUTY,STYLE & BEAUTY
1357,1357,STYLE & BEAUTY,STYLE & BEAUTY
1357,1357,STYLE & BEAUTY,STYLE & BEAUTY
1357,1357,STYLE & BEAUTY,STYLE & BEAUTY
1357,1357,STYLE & BEAUTY,STYLE & BEAUTY
1357,1357,STYLE & BEAUTY,STYLE & BEAUTY
1357,1357,STYLE & BEAUTY,STYLE & BEAUTY
1357,1357,STYLE & BEAUTY,STYLE & BEAUTY
1357,1357,STYLE & BEAUTY,STYLE & BEAUTY
1357,1357,STYLE & BEAUTY,STYLE & BEAUTY
1357,1357,STYLE & BEAUTY,STYLE & BEAUTY
1357,1357,STYLE & BEAUTY,STYLE & BEAUTY
1357,1357,STYLE & BEAUTY,STYLE & BEAUTY
1357,1357,STYLE & BEAUTY,STYLE & BEAUTY
1357,1357,STYLE & BEAUTY,STYLE & BEAUTY
1357,1357,STYLE & BEAUTY,STYLE & BEAUTY
1357,1357,STYLE & BEAUTY,STYLE & BEAUTY
1357,1357,STYLE & BEAUTY,STYLE & BEAUTY
1357,1357,STYLE & BEAUTY,STYLE & BEAUTY
1357,1357,STYLE & BEAUTY,STYLE & BEAUTY
1357,1357,STYLE & BEAUTY,STYLE & BEAUTY
1357,1357,STYLE & BEAUTY,STYLE & BEAUTY
1357,1357,STYLE & BEAUTY,STYLE & BEAUTY
1357,1357,STYLE & BEAUTY,STYLE & BEAUTY
1357,1357,STYLE & BEAUTY,STYLE & BEAUTY
1357,1357,STYLE & BEAUTY,STYLE & BEAUTY
1357,1357,STYLE & BEAUTY,STYLE & BEAUTY
1357,1357,STYLE & BEAUTY,STYLE & BEAUTY
1357,1357,STYLE & BEAUTY,STYLE & BEAUTY
1357,1357,STYLE & BEAUTY,STYLE & BEAUTY
1357,1357,STYLE & BEAUTY,STYLE & BEAUTY
1357,1357,STYLE & BEAUTY,STYLE & BEAUTY
1357,1357,STYLE & BEAUTY,STYLE & BEAUTY
1357,1357,STYLE & BEAUTY,STYLE & BEAUTY
1357,1357,STYLE & BEAUTY,STYLE & BEAUTY
1357,1357,STYLE & BEAUTY,STYLE & BEAUTY
1357,1357,STYLE & BEAUTY,STYLE & BEAUTY
1357,1357,STYLE & BEAUTY,STYLE & BEAUTY
1357,1357,STYLE & BEAUTY,STYLE & BEAUTY
1357,1357,STYLE & BEAUTY,STYLE & BEAUTY
1357,1357,STYLE & BEAUTY,STYLE & BEAUTY
1357,1357,STYLE & BEAUTY,STYLE & BEAUTY
1357,1357,STYLE & BEAUTY,STYLE & BEAUTY
1357,1357,STYLE & BEAUTY,STYLE & BEAUTY
1358,1358,TRAVEL,TRAVEL
1359,1359,STYLE & BEAUTY,STYLE & BEAUTY
1360,1360,STYLE & BEAUTY,STYLE & BEAUTY
1361,1361,STYLE & BEAUTY,STYLE & BEAUTY
1362,1362,TRAVEL,TRAVEL
1363,1363,STYLE & BEAUTY,STYLE & BEAUTY
1364,1364,TRAVEL,TRAVEL
1365,1365,STYLE & BEAUTY,STYLE & BEAUTY
1366,1366,STYLE & BEAUTY,STYLE & BEAUTY
1367,1367,STYLE & BEAUTY,STYLE & BEAUTY
1368,1368,TRAVEL,TRAVEL
1369,1369,STYLE & BEAUTY,STYLE & BEAUTY
1369,1369,STYLE & BEAUTY,STYLE & BEAUTY
1371,1371,TRAVEL,TRAVEL
1372,1372,TRAVEL,TRAVEL
1373,1373,STYLE & BEAUTY,STYLE & BEAUTY
1374,1374,TRAVEL,TRAVEL
1375,1375,STYLE & BEAUTY,STYLE & BEAUTY
1376,1376,STYLE & BEAUTY,STYLE & BEAUTY
1377,1377,BUSINESS,BUSINESS
1378,1378,TRAVEL,TRAVEL
1379,1379,STYLE & BEAUTY,STYLE & BEAUTY
1380,1380,STYLE & BEAUTY,STYLE & BEAUTY
1381,1381,TRAVEL,TRAVEL
1382,1382,BUSINESS,BUSINESS
1383,1383,STYLE & BEAUTY,STYLE & BEAUTY
1384,1384,TRAVEL,TRAVEL
1385,1385,BUSINESS,BUSINESS
1386,1386,STYLE & BEAUTY,STYLE & BEAUTY
1387,1387,STYLE & BEAUTY,STYLE & BEAUTY
1388,1388,TRAVEL,TRAVEL
1389,1389,STYLE & BEAUTY,STYLE & BEAUTY
1390,1390,STYLE & BEAUTY,STYLE & BEAUTY
1390,1390,STYLE & BEAUTY,STYLE & BEAUTY
1391,1391,BUSINESS,BUSINESS
1392,1392,TRAVEL,TRAVEL
1393,1393,STYLE & BEAUTY,STYLE & BEAUTY
1394,1394,STYLE & BEAUTY,STYLE & BEAUTY
1395,1395,BUSINESS,BUSINESS
1396,1396,TRAVEL,TRAVEL
1397,1397,STYLE & BEAUTY,STYLE & BEAUTY
1398,1398,TRAVEL,TRAVEL
1399,1399,BUSINESS,BUSINESS
1400,1400,STYLE & BEAUTY,STYLE & BEAUTY
1401,1401,STYLE & BEAUTY,STYLE & BEAUTY
1402,1402,BUSINESS,BUSINESS
1403,1403,BUSINESS,BUSINESS
1404,1404,TRAVEL,STYLE & BEAUTY
1405,1405,TRAVEL,TRAVEL
1406,1406,BUSINESS,BUSINESS
1407,1407,BUSINESS,BUSINESS
1408,1408,TRAVEL,TRAVEL
1409,1409,STYLE & BEAUTY,STYLE & BEAUTY
1410,1410,BUSINESS,TRAVEL
1411,1411,STYLE & BEAUTY,STYLE & BEAUTY
1412,1412,STYLE & BEAUTY,STYLE & BEAUTY
1413,1413,BUSINESS,BUSINESS
1414,1414,STYLE & BEAUTY,STYLE & BEAUTY
1415,1415,STYLE & BEAUTY,STYLE & BEAUTY
1416,1416,STYLE & BEAUTY,STYLE & BEAUTY
1417,1417,TRAVEL,TRAVEL
1418,1418,STYLE & BEAUTY,STYLE & BEAUTY
1420,1420,STYLE & BEAUTY,STYLE & BEAUTY
1421,1421,TRAVEL,STYLE & BEAUTY
1422,1422,TRAVEL,TRAVEL
1423,1423,TRAVEL,TRAVEL
1425,1425,TRAVEL,TRAVEL
1426,1426,STYLE & BEAUTY,STYLE & BEAUTY
1428,1428,STYLE & BEAUTY,STYLE & BEAUTY
1429,1429,BUSINESS,BUSINESS
1430,1430,BUSINESS,BUSINESS
1431,1431,TRAVEL,TRAVEL
1432,1432,TRAVEL,TRAVEL
1433,1433,STYLE & BEAUTY,STYLE & BEAUTY
1434,1434,STYLE & BEAUTY,STYLE & BEAUTY
1435,1435,TRAVEL,TRAVEL
1436,1436,STYLE & BEAUTY,STYLE & BEAUTY
1437,1437,TRAVEL,TRAVEL
1438,1438,TRAVEL,TRAVEL
1439,1439,TRAVEL,TRAVEL
1440,1440,STYLE & BEAUTY,STYLE & BEAUTY
1440,1440,STYLE & BEAUTY,STYLE & BEAUTY
1441,1441,BUSINESS,BUSINESS
1442,1442,STYLE & BEAUTY,STYLE & BEAUTY
1443,1443,STYLE & BEAUTY,STYLE & BEAUTY
1443,1443,STYLE & BEAUTY,STYLE & BEAUTY
1444,1444,STYLE & BEAUTY,STYLE & BEAUTY
1445,1445,STYLE & BEAUTY,STYLE & BEAUTY
1446,1446,TRAVEL,TRAVEL
1447,1447,TRAVEL,TRAVEL
1448,1448,STYLE & BEAUTY,STYLE & BEAUTY
1448,1448,STYLE & BEAUTY,BLACK VOICES
1449,1449,STYLE & BEAUTY,STYLE & BEAUTY
1450,1450,STYLE & BEAUTY,STYLE & BEAUTY
1451,1451,TRAVEL,TRAVEL
1452,1452,STYLE & BEAUTY,STYLE & BEAUTY
1453,1453,TRAVEL,TRAVEL
1454,1454,BUSINESS,BUSINESS
1455,1455,TRAVEL,TRAVEL
1456,1456,TRAVEL,TRAVEL
1457,1457,BUSINESS,BUSINESS
1458,1458,TRAVEL,TRAVEL
1459,1459,STYLE & BEAUTY,STYLE & BEAUTY
1461,1461,BUSINESS,BUSINESS
1462,1462,TRAVEL,TRAVEL
1463,1463,BUSINESS,BUSINESS
1464,1464,TRAVEL,TRAVEL
1465,1465,STYLE & BEAUTY,STYLE & BEAUTY
1466,1466,STYLE & BEAUTY,STYLE & BEAUTY
1467,1467,STYLE & BEAUTY,STYLE & BEAUTY
1467,1467,STYLE & BEAUTY,STYLE & BEAUTY
1468,1468,TRAVEL,TRAVEL
1469,1469,TRAVEL,TRAVEL
1470,1470,BUSINESS,BUSINESS
1471,1471,BUSINESS,BUSINESS
1472,1472,TRAVEL,TRAVEL
1473,1473,BUSINESS,BUSINESS
1474,1474,TRAVEL,TRAVEL
1475,1475,STYLE & BEAUTY,STYLE & BEAUTY
1476,1476,TRAVEL,TRAVEL
1477,1477,TRAVEL,TRAVEL
1478,1478,TRAVEL,TRAVEL
1479,1479,TRAVEL,BUSINESS
1480,1480,BUSINESS,BUSINESS
1481,1481,BUSINESS,BUSINESS
1482,1482,BUSINESS,BUSINESS
1483,1483,TRAVEL,TRAVEL
1484,1484,TRAVEL,TRAVEL
1485,1485,BUSINESS,BUSINESS
1486,1486,STYLE & BEAUTY,TRAVEL
1487,1487,TRAVEL,TRAVEL
1489,1489,BUSINESS,BUSINESS
1490,1490,STYLE & BEAUTY,STYLE & BEAUTY
1491,1491,TRAVEL,TRAVEL
1492,1492,STYLE & BEAUTY,STYLE & BEAUTY
1493,1493,STYLE & BEAUTY,STYLE & BEAUTY
1494,1494,BUSINESS,BUSINESS
1495,1495,TRAVEL,TRAVEL
1496,1496,TRAVEL,TRAVEL
1497,1497,TRAVEL,TRAVEL
1498,1498,STYLE & BEAUTY,STYLE & BEAUTY
1499,1499,STYLE & BEAUTY,STYLE & BEAUTY
1500,1500,TRAVEL,TRAVEL
1501,1501,BUSINESS,BUSINESS
1502,1502,STYLE & BEAUTY,STYLE & BEAUTY
1502,1502,STYLE & BEAUTY,STYLE & BEAUTY
1503,1503,TRAVEL,TRAVEL
1504,1504,TRAVEL,TRAVEL
1505,1505,BUSINESS,BUSINESS
1507,1507,STYLE & BEAUTY,STYLE & BEAUTY
1507,1507,STYLE & BEAUTY,STYLE & BEAUTY
1508,1508,STYLE & BEAUTY,STYLE & BEAUTY
1509,1509,STYLE & BEAUTY,STYLE & BEAUTY
1510,1510,TRAVEL,TRAVEL
1511,1511,STYLE & BEAUTY,STYLE & BEAUTY
1512,1512,STYLE & BEAUTY,TRAVEL
1513,1513,TRAVEL,TRAVEL
1514,1514,TRAVEL,TRAVEL
1515,1515,TRAVEL,TRAVEL
1516,1516,TRAVEL,TRAVEL
1517,1517,STYLE & BEAUTY,STYLE & BEAUTY
1518,1518,TRAVEL,TRAVEL
1519,1519,TRAVEL,TRAVEL
1520,1520,STYLE & BEAUTY,STYLE & BEAUTY
1521,1521,TRAVEL,TRAVEL
1522,1522,BUSINESS,BUSINESS
1523,1523,TRAVEL,TRAVEL
1524,1524,TRAVEL,TRAVEL
1525,1525,STYLE & BEAUTY,STYLE & BEAUTY
1527,1527,STYLE & BEAUTY,STYLE & BEAUTY
1528,1528,STYLE & BEAUTY,STYLE & BEAUTY
1529,1529,TRAVEL,TRAVEL
1530,1530,BUSINESS,BUSINESS
1531,1531,STYLE & BEAUTY,STYLE & BEAUTY
1532,1532,STYLE & BEAUTY,STYLE & BEAUTY
1533,1533,BUSINESS,BUSINESS
1534,1534,BUSINESS,BUSINESS
1535,1535,STYLE & BEAUTY,STYLE & BEAUTY
1535,1535,STYLE & BEAUTY,STYLE & BEAUTY
1536,1536,BUSINESS,BUSINESS
1537,1537,STYLE & BEAUTY,STYLE & BEAUTY
1538,1538,TRAVEL,TRAVEL
1539,1539,TRAVEL,TRAVEL
1540,1540,STYLE & BEAUTY,STYLE & BEAUTY
1541,1541,TRAVEL,TRAVEL
1542,1542,TRAVEL,TRAVEL
1543,1543,TRAVEL,TRAVEL
1544,1544,BUSINESS,TRAVEL
1545,1545,TRAVEL,TRAVEL
1546,1546,TRAVEL,TRAVEL
1547,1547,STYLE & BEAUTY,STYLE & BEAUTY
1548,1548,STYLE & BEAUTY,STYLE & BEAUTY
1549,1549,TRAVEL,TRAVEL
1550,1550,BUSINESS,BUSINESS
1551,1551,TRAVEL,TRAVEL
1552,1552,STYLE & BEAUTY,STYLE & BEAUTY
1553,1553,TRAVEL,TRAVEL
1554,1554,TRAVEL,STYLE & BEAUTY
1555,1555,STYLE & BEAUTY,STYLE & BEAUTY
1555,1555,STYLE & BEAUTY,STYLE & BEAUTY
1555,1555,STYLE & BEAUTY,STYLE & BEAUTY
1556,1556,TRAVEL,TRAVEL
1557,1557,BUSINESS,BUSINESS
1558,1558,TRAVEL,TRAVEL
1559,1559,TRAVEL,TRAVEL
1560,1560,STYLE & BEAUTY,STYLE & BEAUTY
1561,1561,STYLE & BEAUTY,STYLE & BEAUTY
1561,1561,STYLE & BEAUTY,STYLE & BEAUTY
1562,1562,STYLE & BEAUTY,STYLE & BEAUTY
1563,1563,STYLE & BEAUTY,STYLE & BEAUTY
1564,1564,TRAVEL,TRAVEL
1565,1565,BUSINESS,BUSINESS
1566,1566,STYLE & BEAUTY,STYLE & BEAUTY
1567,1567,TRAVEL,TRAVEL
1568,1568,TRAVEL,TRAVEL
1569,1569,BUSINESS,BUSINESS
1570,1570,BUSINESS,BUSINESS
1571,1571,STYLE & BEAUTY,STYLE & BEAUTY
1572,1572,BUSINESS,BUSINESS
1573,1573,BUSINESS,TRAVEL
1574,1574,BUSINESS,BUSINESS
1575,1575,STYLE & BEAUTY,STYLE & BEAUTY
1576,1576,STYLE & BEAUTY,STYLE & BEAUTY
1577,1577,TRAVEL,TRAVEL
1578,1578,STYLE & BEAUTY,STYLE & BEAUTY
1578,1578,STYLE & BEAUTY,STYLE & BEAUTY
1579,1579,BUSINESS,BUSINESS
1580,1580,STYLE & BEAUTY,STYLE & BEAUTY
1581,1581,TRAVEL,TRAVEL
1582,1582,TRAVEL,TRAVEL
1583,1583,STYLE & BEAUTY,STYLE & BEAUTY
1583,1583,STYLE & BEAUTY,STYLE & BEAUTY
1584,1584,TRAVEL,TRAVEL
1585,1585,TRAVEL,TRAVEL
1586,1586,TRAVEL,TRAVEL
1587,1587,STYLE & BEAUTY,STYLE & BEAUTY
1588,1588,TRAVEL,TRAVEL
1589,1589,STYLE & BEAUTY,STYLE & BEAUTY
1590,1590,STYLE & BEAUTY,STYLE & BEAUTY
1591,1591,TRAVEL,TRAVEL
1592,1592,STYLE & BEAUTY,STYLE & BEAUTY
1592,1592,STYLE & BEAUTY,STYLE & BEAUTY
1593,1593,STYLE & BEAUTY,STYLE & BEAUTY
1594,1594,BUSINESS,BUSINESS
1595,1595,BUSINESS,BUSINESS
1596,1596,BUSINESS,BUSINESS
1597,1597,STYLE & BEAUTY,STYLE & BEAUTY
1598,1598,TRAVEL,TRAVEL
1599,1599,TRAVEL,TRAVEL
1600,1600,TRAVEL,TRAVEL
1601,1601,STYLE & BEAUTY,STYLE & BEAUTY
1603,1603,TRAVEL,TRAVEL
1604,1604,TRAVEL,TRAVEL
1605,1605,STYLE & BEAUTY,STYLE & BEAUTY
1606,1606,TRAVEL,TRAVEL
1607,1607,STYLE & BEAUTY,STYLE & BEAUTY
1609,1609,TRAVEL,TRAVEL
1610,1610,BUSINESS,STYLE & BEAUTY
1611,1611,TRAVEL,TRAVEL
1612,1612,BUSINESS,BUSINESS
1613,1613,TRAVEL,TRAVEL
1614,1614,TRAVEL,STYLE & BEAUTY
1615,1615,STYLE & BEAUTY,STYLE & BEAUTY
1616,1616,BUSINESS,TRAVEL
1617,1617,TRAVEL,TRAVEL
1618,1618,BUSINESS,BUSINESS
1619,1619,STYLE & BEAUTY,STYLE & BEAUTY
1620,1620,TRAVEL,TRAVEL
1621,1621,BUSINESS,BUSINESS
1622,1622,BUSINESS,BUSINESS
1623,1623,BUSINESS,STYLE & BEAUTY
1624,1624,STYLE & BEAUTY,STYLE & BEAUTY
1625,1625,TRAVEL,TRAVEL
1626,1626,TRAVEL,TRAVEL
1627,1627,STYLE & BEAUTY,STYLE & BEAUTY
1628,1628,BUSINESS,BUSINESS
1629,1629,STYLE & BEAUTY,STYLE & BEAUTY
1630,1630,TRAVEL,TRAVEL
1631,1631,STYLE & BEAUTY,STYLE & BEAUTY
1632,1632,STYLE & BEAUTY,STYLE & BEAUTY
1633,1633,TRAVEL,TRAVEL
1634,1634,TRAVEL,TRAVEL
1635,1635,TRAVEL,TRAVEL
1636,1636,STYLE & BEAUTY,STYLE & BEAUTY
1637,1637,BUSINESS,BUSINESS
1638,1638,STYLE & BEAUTY,STYLE & BEAUTY
1639,1639,STYLE & BEAUTY,STYLE & BEAUTY
1640,1640,BUSINESS,BUSINESS
1641,1641,TRAVEL,TRAVEL
1642,1642,TRAVEL,TRAVEL
1643,1643,TRAVEL,TRAVEL
1644,1644,TRAVEL,TRAVEL
1645,1645,STYLE & BEAUTY,STYLE & BEAUTY
1646,1646,STYLE & BEAUTY,STYLE & BEAUTY
1647,1647,BUSINESS,BUSINESS
1648,1648,TRAVEL,TRAVEL
1649,1649,TRAVEL,TRAVEL
1650,1650,TRAVEL,TRAVEL
1651,1651,TRAVEL,TRAVEL
1652,1652,BUSINESS,BUSINESS
1653,1653,STYLE & BEAUTY,STYLE & BEAUTY
1654,1654,STYLE & BEAUTY,STYLE & BEAUTY
1655,1655,TRAVEL,TRAVEL
1656,1656,STYLE & BEAUTY,STYLE & BEAUTY
1657,1657,TRAVEL,TRAVEL
1659,1659,BUSINESS,BUSINESS
1660,1660,STYLE & BEAUTY,STYLE & BEAUTY
1661,1661,BUSINESS,BUSINESS
1662,1662,TRAVEL,TRAVEL
1663,1663,TRAVEL,TRAVEL
1664,1664,TRAVEL,TRAVEL
1665,1665,STYLE & BEAUTY,STYLE & BEAUTY
1666,1666,STYLE & BEAUTY,STYLE & BEAUTY
1667,1667,TRAVEL,TRAVEL
1668,1668,TRAVEL,TRAVEL
1669,1669,BUSINESS,BUSINESS
1670,1670,TRAVEL,TRAVEL
1671,1671,TRAVEL,TRAVEL
1672,1672,STYLE & BEAUTY,STYLE & BEAUTY
1673,1673,STYLE & BEAUTY,STYLE & BEAUTY
1673,1673,STYLE & BEAUTY,STYLE & BEAUTY
1674,1674,STYLE & BEAUTY,STYLE & BEAUTY
1674,1674,STYLE & BEAUTY,STYLE & BEAUTY
1675,1675,BUSINESS,BUSINESS
1676,1676,BUSINESS,BUSINESS
1677,1677,TRAVEL,TRAVEL
1678,1678,STYLE & BEAUTY,STYLE & BEAUTY
1679,1679,STYLE & BEAUTY,STYLE & BEAUTY
1680,1680,STYLE & BEAUTY,STYLE & BEAUTY
1681,1681,TRAVEL,TRAVEL
1682,1682,STYLE & BEAUTY,STYLE & BEAUTY
1683,1683,TRAVEL,TRAVEL
1684,1684,TRAVEL,TRAVEL
1685,1685,TRAVEL,TRAVEL
1686,1686,TRAVEL,TRAVEL
1687,1687,TRAVEL,TRAVEL
1688,1688,STYLE & BEAUTY,STYLE & BEAUTY
1689,1689,TRAVEL,TRAVEL
1690,1690,STYLE & BEAUTY,STYLE & BEAUTY
1691,1691,STYLE & BEAUTY,STYLE & BEAUTY
1692,1692,TRAVEL,TRAVEL
1693,1693,STYLE & BEAUTY,STYLE & BEAUTY
1693,1693,STYLE & BEAUTY,STYLE & BEAUTY
1694,1694,TRAVEL,TRAVEL
1695,1695,TRAVEL,TRAVEL
1696,1696,STYLE & BEAUTY,STYLE & BEAUTY
1697,1697,TRAVEL,TRAVEL
1698,1698,STYLE & BEAUTY,STYLE & BEAUTY
1699,1699,STYLE & BEAUTY,STYLE & BEAUTY
1700,1700,STYLE & BEAUTY,STYLE & BEAUTY
1701,1701,TRAVEL,TRAVEL
1702,1702,TRAVEL,TRAVEL
1703,1703,STYLE & BEAUTY,STYLE & BEAUTY
1704,1704,STYLE & BEAUTY,STYLE & BEAUTY
1705,1705,TRAVEL,TRAVEL
1706,1706,TRAVEL,TRAVEL
1707,1707,BUSINESS,BUSINESS
1708,1708,STYLE & BEAUTY,STYLE & BEAUTY
1709,1709,TRAVEL,TRAVEL
1710,1710,STYLE & BEAUTY,STYLE & BEAUTY
1711,1711,BUSINESS,BUSINESS
1712,1712,STYLE & BEAUTY,STYLE & BEAUTY
1714,1714,BUSINESS,BUSINESS
1715,1715,TRAVEL,TRAVEL
1716,1716,TRAVEL,TRAVEL
1717,1717,TRAVEL,TRAVEL
1718,1718,TRAVEL,TRAVEL
1719,1719,TRAVEL,TRAVEL
1720,1720,BUSINESS,BUSINESS
1721,1721,TRAVEL,TRAVEL
1722,1722,STYLE & BEAUTY,STYLE & BEAUTY
1723,1723,BUSINESS,BUSINESS
1724,1724,BUSINESS,BUSINESS
1725,1725,BUSINESS,BUSINESS
1726,1726,TRAVEL,TRAVEL
1727,1727,BUSINESS,BUSINESS
1728,1728,TRAVEL,TRAVEL
1729,1729,STYLE & BEAUTY,STYLE & BEAUTY
1731,1731,BUSINESS,TRAVEL
1732,1732,STYLE & BEAUTY,STYLE & BEAUTY
1733,1733,BUSINESS,BUSINESS
1734,1734,TRAVEL,TRAVEL
1735,1735,STYLE & BEAUTY,STYLE & BEAUTY
1736,1736,STYLE & BEAUTY,STYLE & BEAUTY
1737,1737,BUSINESS,BUSINESS
1738,1738,BUSINESS,BUSINESS
1739,1739,BUSINESS,BUSINESS
1740,1740,TRAVEL,BUSINESS
1741,1741,STYLE & BEAUTY,STYLE & BEAUTY
1742,1742,STYLE & BEAUTY,STYLE & BEAUTY
1742,1742,STYLE & BEAUTY,STYLE & BEAUTY
1743,1743,BUSINESS,BUSINESS
1744,1744,TRAVEL,TRAVEL
1745,1745,TRAVEL,TRAVEL
1746,1746,TRAVEL,TRAVEL
1747,1747,STYLE & BEAUTY,STYLE & BEAUTY
1748,1748,TRAVEL,TRAVEL
1749,1749,STYLE & BEAUTY,STYLE & BEAUTY
1750,1750,BUSINESS,BUSINESS
1751,1751,TRAVEL,TRAVEL
1752,1752,STYLE & BEAUTY,STYLE & BEAUTY
1753,1753,STYLE & BEAUTY,STYLE & BEAUTY
1753,1753,STYLE & BEAUTY,STYLE & BEAUTY
1754,1754,TRAVEL,TRAVEL
1755,1755,STYLE & BEAUTY,STYLE & BEAUTY
1756,1756,TRAVEL,TRAVEL
1757,1757,TRAVEL,TRAVEL
1759,1759,STYLE & BEAUTY,STYLE & BEAUTY
1760,1760,STYLE & BEAUTY,STYLE & BEAUTY
1761,1761,BUSINESS,BUSINESS
1762,1762,TRAVEL,TRAVEL
1763,1763,STYLE & BEAUTY,STYLE & BEAUTY
1764,1764,TRAVEL,TRAVEL
1765,1765,STYLE & BEAUTY,STYLE & BEAUTY
1766,1766,STYLE & BEAUTY,STYLE & BEAUTY
1767,1767,TRAVEL,TRAVEL
1768,1768,TRAVEL,TRAVEL
1769,1769,TRAVEL,TRAVEL
1770,1770,TRAVEL,TRAVEL
1771,1771,TRAVEL,TRAVEL
1772,1772,STYLE & BEAUTY,STYLE & BEAUTY
1773,1773,STYLE & BEAUTY,STYLE & BEAUTY
1774,1774,STYLE & BEAUTY,STYLE & BEAUTY
1775,1775,STYLE & BEAUTY,STYLE & BEAUTY
1776,1776,BUSINESS,TRAVEL
1777,1777,BUSINESS,BUSINESS
1779,1779,TRAVEL,TRAVEL
1780,1780,TRAVEL,TRAVEL
1781,1781,TRAVEL,TRAVEL
1782,1782,TRAVEL,TRAVEL
1783,1783,TRAVEL,TRAVEL
1784,1784,BUSINESS,BUSINESS
1785,1785,TRAVEL,TRAVEL
1786,1786,BUSINESS,BUSINESS
1787,1787,STYLE & BEAUTY,STYLE & BEAUTY
1788,1788,STYLE & BEAUTY,STYLE & BEAUTY
1788,1788,STYLE & BEAUTY,STYLE & BEAUTY
1789,1789,STYLE & BEAUTY,STYLE & BEAUTY
1790,1790,STYLE & BEAUTY,STYLE & BEAUTY
1791,1791,TRAVEL,TRAVEL
1792,1792,TRAVEL,TRAVEL
1793,1793,TRAVEL,TRAVEL
1794,1794,BUSINESS,BUSINESS
1795,1795,BUSINESS,BUSINESS
1796,1796,TRAVEL,TRAVEL
1797,1797,STYLE & BEAUTY,STYLE & BEAUTY
1798,1798,STYLE & BEAUTY,STYLE & BEAUTY
1799,1799,STYLE & BEAUTY,STYLE & BEAUTY
1800,1800,STYLE & BEAUTY,STYLE & BEAUTY
1801,1801,BUSINESS,BUSINESS
1802,1802,BUSINESS,BUSINESS
1803,1803,STYLE & BEAUTY,STYLE & BEAUTY
1804,1804,TRAVEL,TRAVEL
1805,1805,BUSINESS,BUSINESS
1806,1806,TRAVEL,TRAVEL
1807,1807,BUSINESS,BUSINESS
1809,1809,STYLE & BEAUTY,STYLE & BEAUTY
1809,1809,STYLE & BEAUTY,STYLE & BEAUTY
1810,1810,TRAVEL,BUSINESS
1811,1811,STYLE & BEAUTY,STYLE & BEAUTY
1812,1812,STYLE & BEAUTY,STYLE & BEAUTY
1813,1813,STYLE & BEAUTY,STYLE & BEAUTY
1814,1814,BUSINESS,BUSINESS
1815,1815,STYLE & BEAUTY,STYLE & BEAUTY
1816,1816,STYLE & BEAUTY,STYLE & BEAUTY
1817,1817,TRAVEL,TRAVEL
1818,1818,TRAVEL,TRAVEL
1819,1819,STYLE & BEAUTY,STYLE & BEAUTY
1820,1820,TRAVEL,TRAVEL
1821,1821,TRAVEL,TRAVEL
1822,1822,STYLE & BEAUTY,STYLE & BEAUTY
1823,1823,TRAVEL,TRAVEL
1824,1824,TRAVEL,TRAVEL
1825,1825,TRAVEL,TRAVEL
1826,1826,STYLE & BEAUTY,STYLE & BEAUTY
1827,1827,TRAVEL,TRAVEL
1828,1828,STYLE & BEAUTY,STYLE & BEAUTY
1829,1829,TRAVEL,TRAVEL
1830,1830,STYLE & BEAUTY,STYLE & BEAUTY
1830,1830,STYLE & BEAUTY,STYLE & BEAUTY
1831,1831,STYLE & BEAUTY,STYLE & BEAUTY
1832,1832,TRAVEL,TRAVEL
1833,1833,STYLE & BEAUTY,STYLE & BEAUTY
1834,1834,TRAVEL,TRAVEL
1834,1834,TRAVEL,TRAVEL
1835,1835,TRAVEL,TRAVEL
1836,1836,TRAVEL,TRAVEL
1837,1837,TRAVEL,TRAVEL
1838,1838,TRAVEL,TRAVEL
1839,1839,STYLE & BEAUTY,STYLE & BEAUTY
1840,1840,BUSINESS,BUSINESS
1841,1841,TRAVEL,TRAVEL
1842,1842,BUSINESS,BUSINESS
1843,1843,BUSINESS,BUSINESS
1844,1844,BUSINESS,BUSINESS
1846,1846,TRAVEL,TRAVEL
1847,1847,STYLE & BEAUTY,STYLE & BEAUTY
1848,1848,TRAVEL,TRAVEL
1849,1849,BUSINESS,STYLE & BEAUTY
1850,1850,TRAVEL,TRAVEL
1852,1852,STYLE & BEAUTY,STYLE & BEAUTY
1853,1853,BUSINESS,BUSINESS
1854,1854,BUSINESS,BUSINESS
1855,1855,TRAVEL,TRAVEL
1856,1856,STYLE & BEAUTY,STYLE & BEAUTY
1857,1857,BUSINESS,BUSINESS
1858,1858,STYLE & BEAUTY,STYLE & BEAUTY
1859,1859,STYLE & BEAUTY,STYLE & BEAUTY
1859,1859,STYLE & BEAUTY,STYLE & BEAUTY
1861,1861,STYLE & BEAUTY,STYLE & BEAUTY
1862,1862,STYLE & BEAUTY,STYLE & BEAUTY
1863,1863,BUSINESS,BUSINESS
1865,1865,STYLE & BEAUTY,STYLE & BEAUTY
1866,1866,TRAVEL,TRAVEL
1867,1867,BUSINESS,BUSINESS
1868,1868,BUSINESS,BUSINESS
1869,1869,TRAVEL,TRAVEL
1870,1870,BUSINESS,BUSINESS
1871,1871,TRAVEL,TRAVEL
1872,1872,TRAVEL,TRAVEL
1873,1873,TRAVEL,TRAVEL
1874,1874,BUSINESS,BUSINESS
1875,1875,STYLE & BEAUTY,STYLE & BEAUTY
1876,1876,STYLE & BEAUTY,STYLE & BEAUTY
1877,1877,STYLE & BEAUTY,STYLE & BEAUTY
1879,1879,TRAVEL,TRAVEL
1880,1880,TRAVEL,TRAVEL
1881,1881,TRAVEL,TRAVEL
1882,1882,STYLE & BEAUTY,STYLE & BEAUTY
1883,1883,STYLE & BEAUTY,TRAVEL
1884,1884,STYLE & BEAUTY,STYLE & BEAUTY
1886,1886,STYLE & BEAUTY,STYLE & BEAUTY
1887,1887,TRAVEL,TRAVEL
1888,1888,TRAVEL,TRAVEL
1889,1889,TRAVEL,TRAVEL
1890,1890,TRAVEL,TRAVEL
1891,1891,TRAVEL,TRAVEL
1892,1892,STYLE & BEAUTY,STYLE & BEAUTY
1893,1893,TRAVEL,TRAVEL
1894,1894,STYLE & BEAUTY,STYLE & BEAUTY
1895,1895,BUSINESS,BUSINESS
1896,1896,TRAVEL,TRAVEL
1897,1897,TRAVEL,TRAVEL
1898,1898,STYLE & BEAUTY,STYLE & BEAUTY
1899,1899,STYLE & BEAUTY,STYLE & BEAUTY
1900,1900,TRAVEL,TRAVEL
1901,1901,STYLE & BEAUTY,STYLE & BEAUTY
1902,1902,TRAVEL,TRAVEL
1903,1903,TRAVEL,TRAVEL
1904,1904,BUSINESS,BUSINESS
1905,1905,STYLE & BEAUTY,STYLE & BEAUTY
1905,1905,STYLE & BEAUTY,STYLE & BEAUTY
1906,1906,STYLE & BEAUTY,STYLE & BEAUTY
1907,1907,BUSINESS,BUSINESS
1908,1908,TRAVEL,TRAVEL
1909,1909,BUSINESS,BUSINESS
1910,1910,TRAVEL,TRAVEL
1911,1911,STYLE & BEAUTY,STYLE & BEAUTY
1912,1912,TRAVEL,TRAVEL
1913,1913,STYLE & BEAUTY,STYLE & BEAUTY
1914,1914,STYLE & BEAUTY,STYLE & BEAUTY
1915,1915,STYLE & BEAUTY,STYLE & BEAUTY
1916,1916,BUSINESS,BUSINESS
1917,1917,STYLE & BEAUTY,STYLE & BEAUTY
1917,1917,STYLE & BEAUTY,STYLE & BEAUTY
1918,1918,TRAVEL,TRAVEL
1919,1919,TRAVEL,TRAVEL
1920,1920,BUSINESS,BUSINESS
1921,1921,BUSINESS,BUSINESS
1923,1923,TRAVEL,TRAVEL
1924,1924,TRAVEL,TRAVEL
1925,1925,TRAVEL,TRAVEL
1926,1926,TRAVEL,TRAVEL
1927,1927,STYLE & BEAUTY,STYLE & BEAUTY
1927,1927,STYLE & BEAUTY,STYLE & BEAUTY
1928,1928,STYLE & BEAUTY,STYLE & BEAUTY
1929,1929,STYLE & BEAUTY,STYLE & BEAUTY
1930,1930,TRAVEL,TRAVEL
1931,1931,TRAVEL,TRAVEL
1932,1932,STYLE & BEAUTY,STYLE & BEAUTY
1934,1934,STYLE & BEAUTY,STYLE & BEAUTY
1935,1935,TRAVEL,TRAVEL
1936,1936,STYLE & BEAUTY,STYLE & BEAUTY
1937,1937,BUSINESS,BUSINESS
1938,1938,BUSINESS,BUSINESS
1939,1939,BUSINESS,BUSINESS
1940,1940,STYLE & BEAUTY,STYLE & BEAUTY
1941,1941,TRAVEL,TRAVEL
1942,1942,STYLE & BEAUTY,STYLE & BEAUTY
1943,1943,STYLE & BEAUTY,STYLE & BEAUTY
1944,1944,TRAVEL,TRAVEL
1945,1945,BUSINESS,BUSINESS
1946,1946,BUSINESS,BUSINESS
1947,1947,TRAVEL,TRAVEL
1948,1948,TRAVEL,TRAVEL
1949,1949,TRAVEL,TRAVEL
1950,1950,STYLE & BEAUTY,STYLE & BEAUTY
1951,1951,TRAVEL,TRAVEL
1952,1952,TRAVEL,TRAVEL
1953,1953,TRAVEL,BUSINESS
1954,1954,STYLE & BEAUTY,STYLE & BEAUTY
1955,1955,TRAVEL,TRAVEL
1956,1956,TRAVEL,TRAVEL
1957,1957,TRAVEL,TRAVEL
1958,1958,BUSINESS,BUSINESS
1959,1959,STYLE & BEAUTY,STYLE & BEAUTY
1960,1960,BUSINESS,BUSINESS
1961,1961,TRAVEL,TRAVEL
1962,1962,TRAVEL,TRAVEL
1963,1963,STYLE & BEAUTY,BUSINESS
1964,1964,TRAVEL,TRAVEL
1965,1965,BUSINESS,BUSINESS
1966,1966,BUSINESS,BUSINESS
1967,1967,TRAVEL,TRAVEL
1968,1968,TRAVEL,BUSINESS
1969,1969,BUSINESS,BUSINESS
1970,1970,TRAVEL,TRAVEL
1971,1971,STYLE & BEAUTY,STYLE & BEAUTY
1972,1972,TRAVEL,TRAVEL
1973,1973,BUSINESS,BUSINESS
1974,1974,STYLE & BEAUTY,STYLE & BEAUTY
1975,1975,TRAVEL,TRAVEL
1976,1976,TRAVEL,TRAVEL
1977,1977,TRAVEL,STYLE & BEAUTY
1979,1979,TRAVEL,TRAVEL
1980,1980,TRAVEL,TRAVEL
1981,1981,STYLE & BEAUTY,STYLE & BEAUTY
1981,1981,STYLE & BEAUTY,STYLE & BEAUTY
1982,1982,TRAVEL,TRAVEL
1983,1983,STYLE & BEAUTY,STYLE & BEAUTY
1984,1984,TRAVEL,TRAVEL
1985,1985,STYLE & BEAUTY,STYLE & BEAUTY
1986,1986,STYLE & BEAUTY,STYLE & BEAUTY
1987,1987,TRAVEL,TRAVEL
1988,1988,STYLE & BEAUTY,STYLE & BEAUTY
1989,1989,STYLE & BEAUTY,STYLE & BEAUTY
1991,1991,TRAVEL,TRAVEL
1992,1992,TRAVEL,TRAVEL
1993,1993,BUSINESS,BUSINESS
1994,1994,BUSINESS,BUSINESS
1995,1995,BUSINESS,BUSINESS
1996,1996,TRAVEL,TRAVEL
1997,1997,STYLE & BEAUTY,STYLE & BEAUTY
1998,1998,STYLE & BEAUTY,STYLE & BEAUTY
2000,2000,STYLE & BEAUTY,STYLE & BEAUTY
2001,2001,BUSINESS,BUSINESS
2002,2002,BUSINESS,STYLE & BEAUTY
2003,2003,TRAVEL,TRAVEL
2004,2004,TRAVEL,TRAVEL
2005,2005,TRAVEL,TRAVEL
2006,2006,TRAVEL,TRAVEL
2007,2007,STYLE & BEAUTY,STYLE & BEAUTY
2008,2008,TRAVEL,TRAVEL
2009,2009,BUSINESS,BUSINESS
2010,2010,STYLE & BEAUTY,STYLE & BEAUTY
2011,2011,TRAVEL,TRAVEL
2012,2012,STYLE & BEAUTY,STYLE & BEAUTY
2012,2012,STYLE & BEAUTY,STYLE & BEAUTY
2013,2013,STYLE & BEAUTY,STYLE & BEAUTY
2014,2014,TRAVEL,TRAVEL
2015,2015,TRAVEL,TRAVEL
2016,2016,STYLE & BEAUTY,STYLE & BEAUTY
2017,2017,BUSINESS,BUSINESS
2018,2018,STYLE & BEAUTY,STYLE & BEAUTY
2019,2019,BUSINESS,BUSINESS
2021,2021,BUSINESS,BUSINESS
2022,2022,BUSINESS,BUSINESS
2023,2023,BUSINESS,TRAVEL
2024,2024,TRAVEL,TRAVEL
2025,2025,STYLE & BEAUTY,STYLE & BEAUTY
2026,2026,STYLE & BEAUTY,STYLE & BEAUTY
2028,2028,STYLE & BEAUTY,STYLE & BEAUTY
2029,2029,STYLE & BEAUTY,TRAVEL
2030,2030,STYLE & BEAUTY,STYLE & BEAUTY
2031,2031,TRAVEL,TRAVEL
2032,2032,TRAVEL,TRAVEL
2034,2034,TRAVEL,STYLE & BEAUTY
2036,2036,BUSINESS,BUSINESS
2037,2037,BUSINESS,TRAVEL
2038,2038,STYLE & BEAUTY,STYLE & BEAUTY
2040,2040,STYLE & BEAUTY,STYLE & BEAUTY
2041,2041,STYLE & BEAUTY,STYLE & BEAUTY
2042,2042,STYLE & BEAUTY,STYLE & BEAUTY
2043,2043,STYLE & BEAUTY,STYLE & BEAUTY
2044,2044,STYLE & BEAUTY,STYLE & BEAUTY
2045,2045,STYLE & BEAUTY,STYLE & BEAUTY
2047,2047,BUSINESS,STYLE & BEAUTY
2048,2048,STYLE & BEAUTY,STYLE & BEAUTY
2049,2049,STYLE & BEAUTY,STYLE & BEAUTY
2050,2050,TRAVEL,TRAVEL
2051,2051,TRAVEL,TRAVEL
2052,2052,STYLE & BEAUTY,STYLE & BEAUTY
2053,2053,STYLE & BEAUTY,STYLE & BEAUTY
2054,2054,TRAVEL,TRAVEL
2055,2055,STYLE & BEAUTY,STYLE & BEAUTY
2057,2057,BUSINESS,BUSINESS
2058,2058,TRAVEL,TRAVEL
2059,2059,TRAVEL,TRAVEL
2060,2060,TRAVEL,TRAVEL
2061,2061,STYLE & BEAUTY,STYLE & BEAUTY
2062,2062,TRAVEL,TRAVEL
2063,2063,TRAVEL,TRAVEL
2064,2064,STYLE & BEAUTY,STYLE & BEAUTY
2065,2065,STYLE & BEAUTY,STYLE & BEAUTY
2066,2066,TRAVEL,TRAVEL
2067,2067,TRAVEL,TRAVEL
2068,2068,TRAVEL,TRAVEL
2069,2069,STYLE & BEAUTY,STYLE & BEAUTY
2070,2070,BUSINESS,BUSINESS
2071,2071,TRAVEL,TRAVEL
2072,2072,STYLE & BEAUTY,STYLE & BEAUTY
2073,2073,TRAVEL,TRAVEL
2074,2074,STYLE & BEAUTY,STYLE & BEAUTY
2075,2075,TRAVEL,TRAVEL
2076,2076,TRAVEL,TRAVEL
2077,2077,STYLE & BEAUTY,STYLE & BEAUTY
2078,2078,STYLE & BEAUTY,STYLE & BEAUTY
2079,2079,STYLE & BEAUTY,STYLE & BEAUTY
2080,2080,TRAVEL,TRAVEL
2081,2081,TRAVEL,TRAVEL
2082,2082,TRAVEL,TRAVEL
2083,2083,STYLE & BEAUTY,STYLE & BEAUTY
2084,2084,TRAVEL,TRAVEL
2085,2085,BUSINESS,BUSINESS
2086,2086,TRAVEL,TRAVEL
2087,2087,BUSINESS,BUSINESS
2088,2088,STYLE & BEAUTY,BUSINESS
2089,2089,STYLE & BEAUTY,STYLE & BEAUTY
2090,2090,TRAVEL,TRAVEL
2091,2091,TRAVEL,TRAVEL
2092,2092,TRAVEL,TRAVEL
2093,2093,STYLE & BEAUTY,STYLE & BEAUTY
2094,2094,TRAVEL,TRAVEL
2095,2095,BUSINESS,BUSINESS
2096,2096,STYLE & BEAUTY,STYLE & BEAUTY
2097,2097,STYLE & BEAUTY,STYLE & BEAUTY
2098,2098,BUSINESS,BUSINESS
2099,2099,BUSINESS,BUSINESS
2100,2100,STYLE & BEAUTY,STYLE & BEAUTY
2101,2101,TRAVEL,TRAVEL
2102,2102,TRAVEL,TRAVEL
2103,2103,STYLE & BEAUTY,STYLE & BEAUTY
2105,2105,BUSINESS,BUSINESS
2106,2106,BUSINESS,BUSINESS
2107,2107,TRAVEL,TRAVEL
2108,2108,STYLE & BEAUTY,STYLE & BEAUTY
2109,2109,STYLE & BEAUTY,STYLE & BEAUTY
2110,2110,TRAVEL,TRAVEL
2111,2111,STYLE & BEAUTY,STYLE & BEAUTY
2112,2112,STYLE & BEAUTY,STYLE & BEAUTY
2113,2113,TRAVEL,TRAVEL
2114,2114,TRAVEL,TRAVEL
2115,2115,BUSINESS,BUSINESS
2116,2116,TRAVEL,TRAVEL
2118,2118,BUSINESS,BUSINESS
2119,2119,STYLE & BEAUTY,STYLE & BEAUTY
2120,2120,TRAVEL,TRAVEL
2121,2121,TRAVEL,TRAVEL
2122,2122,STYLE & BEAUTY,STYLE & BEAUTY
2123,2123,TRAVEL,TRAVEL
2124,2124,TRAVEL,TRAVEL
2125,2125,BUSINESS,BUSINESS
2126,2126,STYLE & BEAUTY,STYLE & BEAUTY
2127,2127,STYLE & BEAUTY,STYLE & BEAUTY
2128,2128,BUSINESS,BUSINESS
2129,2129,BUSINESS,BUSINESS
2130,2130,TRAVEL,TRAVEL
2131,2131,TRAVEL,TRAVEL
2132,2132,STYLE & BEAUTY,STYLE & BEAUTY
2133,2133,TRAVEL,TRAVEL
2134,2134,TRAVEL,TRAVEL
2135,2135,BUSINESS,BUSINESS
2136,2136,STYLE & BEAUTY,STYLE & BEAUTY
2137,2137,STYLE & BEAUTY,STYLE & BEAUTY
2138,2138,TRAVEL,TRAVEL
2139,2139,TRAVEL,TRAVEL
2140,2140,STYLE & BEAUTY,STYLE & BEAUTY
2141,2141,STYLE & BEAUTY,STYLE & BEAUTY
2142,2142,TRAVEL,TRAVEL
2143,2143,TRAVEL,TRAVEL
2144,2144,BUSINESS,STYLE & BEAUTY
2145,2145,BUSINESS,BUSINESS
2146,2146,BUSINESS,BUSINESS
2147,2147,STYLE & BEAUTY,STYLE & BEAUTY
2148,2148,STYLE & BEAUTY,STYLE & BEAUTY
2150,2150,TRAVEL,TRAVEL
2151,2151,STYLE & BEAUTY,STYLE & BEAUTY
2152,2152,TRAVEL,TRAVEL
2153,2153,STYLE & BEAUTY,STYLE & BEAUTY
2154,2154,STYLE & BEAUTY,STYLE & BEAUTY
2155,2155,STYLE & BEAUTY,STYLE & BEAUTY
2155,2155,STYLE & BEAUTY,STYLE & BEAUTY
2156,2156,BUSINESS,TRAVEL
2157,2157,TRAVEL,TRAVEL
2158,2158,TRAVEL,TRAVEL
2159,2159,STYLE & BEAUTY,STYLE & BEAUTY
2159,2159,STYLE & BEAUTY,STYLE & BEAUTY
2160,2160,TRAVEL,TRAVEL
2161,2161,BUSINESS,BUSINESS
2162,2162,STYLE & BEAUTY,STYLE & BEAUTY
2163,2163,STYLE & BEAUTY,STYLE & BEAUTY
2165,2165,STYLE & BEAUTY,STYLE & BEAUTY
2166,2166,TRAVEL,TRAVEL
2167,2167,STYLE & BEAUTY,STYLE & BEAUTY
2168,2168,BUSINESS,BUSINESS
2169,2169,STYLE & BEAUTY,STYLE & BEAUTY
2170,2170,TRAVEL,TRAVEL
2171,2171,TRAVEL,TRAVEL
2172,2172,TRAVEL,TRAVEL
2173,2173,BUSINESS,STYLE & BEAUTY
2174,2174,BUSINESS,BUSINESS
2175,2175,TRAVEL,TRAVEL
2176,2176,TRAVEL,TRAVEL
2177,2177,BUSINESS,BUSINESS
2178,2178,BUSINESS,BUSINESS
2179,2179,BUSINESS,BUSINESS
2180,2180,STYLE & BEAUTY,STYLE & BEAUTY
2181,2181,STYLE & BEAUTY,STYLE & BEAUTY
2181,2181,STYLE & BEAUTY,STYLE & BEAUTY
2182,2182,TRAVEL,TRAVEL
2183,2183,BUSINESS,BUSINESS
2184,2184,STYLE & BEAUTY,STYLE & BEAUTY
2185,2185,TRAVEL,TRAVEL
2186,2186,TRAVEL,TRAVEL
2187,2187,STYLE & BEAUTY,STYLE & BEAUTY
2188,2188,TRAVEL,TRAVEL
2189,2189,STYLE & BEAUTY,STYLE & BEAUTY
2190,2190,TRAVEL,TRAVEL
2191,2191,TRAVEL,TRAVEL
2191,2191,TRAVEL,TRAVEL
2192,2192,TRAVEL,TRAVEL
2193,2193,STYLE & BEAUTY,STYLE & BEAUTY
2194,2194,TRAVEL,TRAVEL
2195,2195,STYLE & BEAUTY,STYLE & BEAUTY
2196,2196,STYLE & BEAUTY,STYLE & BEAUTY
2196,2196,STYLE & BEAUTY,STYLE & BEAUTY
2197,2197,STYLE & BEAUTY,STYLE & BEAUTY
2198,2198,STYLE & BEAUTY,STYLE & BEAUTY
2199,2199,BUSINESS,BUSINESS
2200,2200,STYLE & BEAUTY,STYLE & BEAUTY
2201,2201,BUSINESS,BUSINESS
2202,2202,STYLE & BEAUTY,STYLE & BEAUTY
2203,2203,TRAVEL,TRAVEL
2205,2205,BUSINESS,BUSINESS
2206,2206,TRAVEL,TRAVEL
2207,2207,BUSINESS,BUSINESS
2208,2208,STYLE & BEAUTY,STYLE & BEAUTY
2209,2209,BUSINESS,BUSINESS
2210,2210,STYLE & BEAUTY,STYLE & BEAUTY
2211,2211,TRAVEL,TRAVEL
2212,2212,STYLE & BEAUTY,STYLE & BEAUTY
2213,2213,BUSINESS,BUSINESS
2214,2214,TRAVEL,TRAVEL
2215,2215,TRAVEL,TRAVEL
2216,2216,TRAVEL,TRAVEL
2217,2217,TRAVEL,TRAVEL
2218,2218,BUSINESS,BUSINESS
2219,2219,STYLE & BEAUTY,STYLE & BEAUTY
2220,2220,TRAVEL,TRAVEL
2222,2222,TRAVEL,TRAVEL
2223,2223,TRAVEL,TRAVEL
2224,2224,BUSINESS,BUSINESS
2225,2225,TRAVEL,TRAVEL
2226,2226,TRAVEL,TRAVEL
2228,2228,STYLE & BEAUTY,STYLE & BEAUTY
2230,2230,BUSINESS,BUSINESS
2231,2231,BUSINESS,TRAVEL
2232,2232,TRAVEL,TRAVEL
2233,2233,STYLE & BEAUTY,STYLE & BEAUTY
2233,2233,STYLE & BEAUTY,STYLE & BEAUTY
2234,2234,STYLE & BEAUTY,STYLE & BEAUTY
2235,2235,STYLE & BEAUTY,STYLE & BEAUTY
2236,2236,TRAVEL,TRAVEL
2237,2237,STYLE & BEAUTY,STYLE & BEAUTY
2238,2238,TRAVEL,TRAVEL
2239,2239,TRAVEL,TRAVEL
2240,2240,BUSINESS,BUSINESS
2241,2241,STYLE & BEAUTY,STYLE & BEAUTY
2242,2242,STYLE & BEAUTY,STYLE & BEAUTY
2243,2243,TRAVEL,STYLE & BEAUTY
2244,2244,STYLE & BEAUTY,STYLE & BEAUTY
2245,2245,STYLE & BEAUTY,STYLE & BEAUTY
2246,2246,BUSINESS,BUSINESS
2247,2247,STYLE & BEAUTY,STYLE & BEAUTY
2248,2248,BUSINESS,BUSINESS
2249,2249,STYLE & BEAUTY,STYLE & BEAUTY
2250,2250,STYLE & BEAUTY,TRAVEL
2251,2251,BUSINESS,BUSINESS
2252,2252,TRAVEL,TRAVEL
2253,2253,STYLE & BEAUTY,STYLE & BEAUTY
2254,2254,TRAVEL,TRAVEL
2255,2255,BUSINESS,TRAVEL
2256,2256,TRAVEL,TRAVEL
2257,2257,STYLE & BEAUTY,STYLE & BEAUTY
2258,2258,STYLE & BEAUTY,STYLE & BEAUTY
2259,2259,STYLE & BEAUTY,STYLE & BEAUTY
2260,2260,TRAVEL,TRAVEL
2261,2261,STYLE & BEAUTY,STYLE & BEAUTY
2263,2263,STYLE & BEAUTY,STYLE & BEAUTY
2264,2264,STYLE & BEAUTY,STYLE & BEAUTY
2265,2265,TRAVEL,TRAVEL
2266,2266,STYLE & BEAUTY,STYLE & BEAUTY
2267,2267,STYLE & BEAUTY,STYLE & BEAUTY
2267,2267,STYLE & BEAUTY,STYLE & BEAUTY
2268,2268,BUSINESS,BUSINESS
2270,2270,STYLE & BEAUTY,STYLE & BEAUTY
2271,2271,TRAVEL,TRAVEL
2272,2272,BUSINESS,BUSINESS
2273,2273,STYLE & BEAUTY,STYLE & BEAUTY
2274,2274,TRAVEL,TRAVEL
2275,2275,STYLE & BEAUTY,STYLE & BEAUTY
2276,2276,TRAVEL,TRAVEL
2277,2277,STYLE & BEAUTY,STYLE & BEAUTY
2278,2278,TRAVEL,TRAVEL
2279,2279,STYLE & BEAUTY,STYLE & BEAUTY
2280,2280,BUSINESS,BUSINESS
2281,2281,BUSINESS,BUSINESS
2283,2283,STYLE & BEAUTY,STYLE & BEAUTY
2284,2284,TRAVEL,TRAVEL
2285,2285,TRAVEL,TRAVEL
2286,2286,BUSINESS,BUSINESS
2287,2287,TRAVEL,TRAVEL
2288,2288,STYLE & BEAUTY,STYLE & BEAUTY
2289,2289,TRAVEL,TRAVEL
2290,2290,STYLE & BEAUTY,STYLE & BEAUTY
2291,2291,TRAVEL,TRAVEL
2292,2292,STYLE & BEAUTY,STYLE & BEAUTY
2293,2293,TRAVEL,TRAVEL
2294,2294,BUSINESS,BUSINESS
2295,2295,STYLE & BEAUTY,STYLE & BEAUTY
2297,2297,STYLE & BEAUTY,STYLE & BEAUTY
2298,2298,TRAVEL,TRAVEL
2299,2299,TRAVEL,TRAVEL
2300,2300,STYLE & BEAUTY,STYLE & BEAUTY
2301,2301,BUSINESS,BUSINESS
2302,2302,STYLE & BEAUTY,STYLE & BEAUTY
2303,2303,STYLE & BEAUTY,STYLE & BEAUTY
2304,2304,STYLE & BEAUTY,STYLE & BEAUTY
2305,2305,STYLE & BEAUTY,STYLE & BEAUTY
2306,2306,TRAVEL,TRAVEL
2307,2307,TRAVEL,TRAVEL
2308,2308,BUSINESS,BUSINESS
2309,2309,STYLE & BEAUTY,STYLE & BEAUTY
2310,2310,STYLE & BEAUTY,STYLE & BEAUTY
2310,2310,STYLE & BEAUTY,STYLE & BEAUTY
2311,2311,TRAVEL,TRAVEL
2312,2312,BUSINESS,BUSINESS
2313,2313,TRAVEL,TRAVEL
2314,2314,BUSINESS,BUSINESS
2315,2315,BUSINESS,STYLE & BEAUTY
2316,2316,TRAVEL,TRAVEL
2317,2317,STYLE & BEAUTY,STYLE & BEAUTY
2318,2318,TRAVEL,TRAVEL
2319,2319,BUSINESS,STYLE & BEAUTY
2320,2320,STYLE & BEAUTY,STYLE & BEAUTY
2321,2321,TRAVEL,TRAVEL
2323,2323,TRAVEL,TRAVEL
2324,2324,BUSINESS,BUSINESS
2325,2325,STYLE & BEAUTY,STYLE & BEAUTY
2326,2326,STYLE & BEAUTY,STYLE & BEAUTY
2327,2327,TRAVEL,STYLE & BEAUTY
2328,2328,TRAVEL,STYLE & BEAUTY
2329,2329,TRAVEL,TRAVEL
2330,2330,STYLE & BEAUTY,STYLE & BEAUTY
2331,2331,TRAVEL,TRAVEL
2332,2332,BUSINESS,BUSINESS
2333,2333,STYLE & BEAUTY,STYLE & BEAUTY
2334,2334,TRAVEL,TRAVEL
2335,2335,TRAVEL,TRAVEL
2336,2336,TRAVEL,STYLE & BEAUTY
2337,2337,BUSINESS,TRAVEL
2338,2338,TRAVEL,TRAVEL
2339,2339,STYLE & BEAUTY,STYLE & BEAUTY
2340,2340,TRAVEL,TRAVEL
2341,2341,STYLE & BEAUTY,STYLE & BEAUTY
2341,2341,STYLE & BEAUTY,STYLE & BEAUTY
2342,2342,STYLE & BEAUTY,STYLE & BEAUTY
2343,2343,STYLE & BEAUTY,STYLE & BEAUTY
2344,2344,STYLE & BEAUTY,STYLE & BEAUTY
2345,2345,TRAVEL,TRAVEL
2345,2345,TRAVEL,TRAVEL
2346,2346,BUSINESS,BUSINESS
2347,2347,TRAVEL,STYLE & BEAUTY
2348,2348,STYLE & BEAUTY,STYLE & BEAUTY
2349,2349,TRAVEL,TRAVEL
2350,2350,TRAVEL,TRAVEL
2351,2351,BUSINESS,BUSINESS
2352,2352,TRAVEL,TRAVEL
2353,2353,BUSINESS,BUSINESS
2354,2354,STYLE & BEAUTY,TRAVEL
2356,2356,TRAVEL,BUSINESS
2357,2357,TRAVEL,TRAVEL
2358,2358,TRAVEL,TRAVEL
2359,2359,STYLE & BEAUTY,STYLE & BEAUTY
2360,2360,TRAVEL,TRAVEL
2361,2361,TRAVEL,TRAVEL
2362,2362,STYLE & BEAUTY,STYLE & BEAUTY
2363,2363,STYLE & BEAUTY,STYLE & BEAUTY
2364,2364,STYLE & BEAUTY,STYLE & BEAUTY
2364,2364,STYLE & BEAUTY,STYLE & BEAUTY
2366,2366,STYLE & BEAUTY,STYLE & BEAUTY
2367,2367,TRAVEL,TRAVEL
2368,2368,STYLE & BEAUTY,STYLE & BEAUTY
2369,2369,STYLE & BEAUTY,STYLE & BEAUTY
2370,2370,STYLE & BEAUTY,STYLE & BEAUTY
2371,2371,STYLE & BEAUTY,STYLE & BEAUTY
2372,2372,STYLE & BEAUTY,STYLE & BEAUTY
2373,2373,BUSINESS,BUSINESS
2374,2374,BUSINESS,STYLE & BEAUTY
2375,2375,TRAVEL,TRAVEL
2376,2376,TRAVEL,TRAVEL
2377,2377,TRAVEL,TRAVEL
2378,2378,TRAVEL,TRAVEL
2379,2379,STYLE & BEAUTY,STYLE & BEAUTY
2380,2380,STYLE & BEAUTY,STYLE & BEAUTY
2381,2381,STYLE & BEAUTY,STYLE & BEAUTY
2382,2382,BUSINESS,BUSINESS
2383,2383,BUSINESS,BUSINESS
2384,2384,STYLE & BEAUTY,STYLE & BEAUTY
2385,2385,STYLE & BEAUTY,STYLE & BEAUTY
2386,2386,STYLE & BEAUTY,STYLE & BEAUTY
2387,2387,STYLE & BEAUTY,STYLE & BEAUTY
2387,2387,STYLE & BEAUTY,STYLE & BEAUTY
2388,2388,STYLE & BEAUTY,STYLE & BEAUTY
2389,2389,STYLE & BEAUTY,STYLE & BEAUTY
2391,2391,BUSINESS,TRAVEL
2392,2392,TRAVEL,TRAVEL
2393,2393,TRAVEL,TRAVEL
2394,2394,STYLE & BEAUTY,STYLE & BEAUTY
2395,2395,STYLE & BEAUTY,STYLE & BEAUTY
2396,2396,BUSINESS,BUSINESS
2397,2397,STYLE & BEAUTY,STYLE & BEAUTY
2398,2398,STYLE & BEAUTY,STYLE & BEAUTY
2399,2399,STYLE & BEAUTY,STYLE & BEAUTY
2400,2400,STYLE & BEAUTY,STYLE & BEAUTY
2401,2401,STYLE & BEAUTY,STYLE & BEAUTY
2402,2402,TRAVEL,TRAVEL
2403,2403,BUSINESS,BUSINESS
2404,2404,TRAVEL,TRAVEL
2405,2405,TRAVEL,TRAVEL
2406,2406,BUSINESS,BUSINESS
2407,2407,BUSINESS,BUSINESS
2408,2408,TRAVEL,TRAVEL
2409,2409,BUSINESS,BUSINESS
2410,2410,TRAVEL,TRAVEL
2411,2411,TRAVEL,TRAVEL
2412,2412,TRAVEL,TRAVEL
2413,2413,STYLE & BEAUTY,STYLE & BEAUTY
2413,2413,STYLE & BEAUTY,STYLE & BEAUTY
2414,2414,BUSINESS,BUSINESS
2415,2415,BUSINESS,TRAVEL
2416,2416,STYLE & BEAUTY,STYLE & BEAUTY
2417,2417,TRAVEL,TRAVEL
2418,2418,STYLE & BEAUTY,STYLE & BEAUTY
2419,2419,BUSINESS,STYLE & BEAUTY
2420,2420,TRAVEL,TRAVEL
2423,2423,TRAVEL,TRAVEL
2424,2424,STYLE & BEAUTY,STYLE & BEAUTY
2425,2425,BUSINESS,BUSINESS
2426,2426,STYLE & BEAUTY,STYLE & BEAUTY
2427,2427,STYLE & BEAUTY,STYLE & BEAUTY
2428,2428,TRAVEL,TRAVEL
2429,2429,STYLE & BEAUTY,STYLE & BEAUTY
2430,2430,STYLE & BEAUTY,STYLE & BEAUTY
2431,2431,TRAVEL,TRAVEL
2432,2432,TRAVEL,TRAVEL
2433,2433,TRAVEL,TRAVEL
2434,2434,STYLE & BEAUTY,STYLE & BEAUTY
2435,2435,STYLE & BEAUTY,STYLE & BEAUTY
2436,2436,BUSINESS,BUSINESS
2437,2437,TRAVEL,TRAVEL
2438,2438,TRAVEL,TRAVEL
2439,2439,TRAVEL,TRAVEL
2440,2440,STYLE & BEAUTY,STYLE & BEAUTY
2441,2441,TRAVEL,TRAVEL
2442,2442,TRAVEL,TRAVEL
2443,2443,STYLE & BEAUTY,STYLE & BEAUTY
2444,2444,TRAVEL,TRAVEL
2445,2445,BUSINESS,BUSINESS
2446,2446,STYLE & BEAUTY,STYLE & BEAUTY
2447,2447,STYLE & BEAUTY,STYLE & BEAUTY
2448,2448,STYLE & BEAUTY,STYLE & BEAUTY
2448,2448,STYLE & BEAUTY,STYLE & BEAUTY
2448,2448,STYLE & BEAUTY,STYLE & BEAUTY
2448,2448,STYLE & BEAUTY,STYLE & BEAUTY
2448,2448,STYLE & BEAUTY,STYLE & BEAUTY
2448,2448,STYLE & BEAUTY,STYLE & BEAUTY
2448,2448,STYLE & BEAUTY,STYLE & BEAUTY
2448,2448,STYLE & BEAUTY,STYLE & BEAUTY
2448,2448,STYLE & BEAUTY,STYLE & BEAUTY
2448,2448,STYLE & BEAUTY,STYLE & BEAUTY
2448,2448,STYLE & BEAUTY,STYLE & BEAUTY
2448,2448,STYLE & BEAUTY,STYLE & BEAUTY
2448,2448,STYLE & BEAUTY,STYLE & BEAUTY
2448,2448,STYLE & BEAUTY,STYLE & BEAUTY
2448,2448,STYLE & BEAUTY,STYLE & BEAUTY
2448,2448,STYLE & BEAUTY,STYLE & BEAUTY
2448,2448,STYLE & BEAUTY,STYLE & BEAUTY
2448,2448,STYLE & BEAUTY,STYLE & BEAUTY
2448,2448,STYLE & BEAUTY,STYLE & BEAUTY
2448,2448,STYLE & BEAUTY,STYLE & BEAUTY
2448,2448,STYLE & BEAUTY,STYLE & BEAUTY
2448,2448,STYLE & BEAUTY,STYLE & BEAUTY
2448,2448,STYLE & BEAUTY,STYLE & BEAUTY
2448,2448,STYLE & BEAUTY,STYLE & BEAUTY
2448,2448,STYLE & BEAUTY,STYLE & BEAUTY
2448,2448,STYLE & BEAUTY,STYLE & BEAUTY
2448,2448,STYLE & BEAUTY,STYLE & BEAUTY
2448,2448,STYLE & BEAUTY,STYLE & BEAUTY
2448,2448,STYLE & BEAUTY,STYLE & BEAUTY
2448,2448,STYLE & BEAUTY,STYLE & BEAUTY
2448,2448,STYLE & BEAUTY,STYLE & BEAUTY
2448,2448,STYLE & BEAUTY,STYLE & BEAUTY
2448,2448,STYLE & BEAUTY,STYLE & BEAUTY
2448,2448,STYLE & BEAUTY,STYLE & BEAUTY
2448,2448,STYLE & BEAUTY,STYLE & BEAUTY
2448,2448,STYLE & BEAUTY,STYLE & BEAUTY
2448,2448,STYLE & BEAUTY,STYLE & BEAUTY
2448,2448,STYLE & BEAUTY,STYLE & BEAUTY
2448,2448,STYLE & BEAUTY,STYLE & BEAUTY
2448,2448,STYLE & BEAUTY,STYLE & BEAUTY
2448,2448,STYLE & BEAUTY,STYLE & BEAUTY
2448,2448,STYLE & BEAUTY,STYLE & BEAUTY
2448,2448,STYLE & BEAUTY,STYLE & BEAUTY
2448,2448,STYLE & BEAUTY,STYLE & BEAUTY
2448,2448,STYLE & BEAUTY,STYLE & BEAUTY
2448,2448,STYLE & BEAUTY,STYLE & BEAUTY
2448,2448,STYLE & BEAUTY,STYLE & BEAUTY
2448,2448,STYLE & BEAUTY,STYLE & BEAUTY
2448,2448,STYLE & BEAUTY,STYLE & BEAUTY
2448,2448,STYLE & BEAUTY,STYLE & BEAUTY
2448,2448,STYLE & BEAUTY,STYLE & BEAUTY
2448,2448,STYLE & BEAUTY,STYLE & BEAUTY
2448,2448,STYLE & BEAUTY,STYLE & BEAUTY
2448,2448,STYLE & BEAUTY,STYLE & BEAUTY
2448,2448,STYLE & BEAUTY,STYLE & BEAUTY
2448,2448,STYLE & BEAUTY,STYLE & BEAUTY
2448,2448,STYLE & BEAUTY,STYLE & BEAUTY
2448,2448,STYLE & BEAUTY,STYLE & BEAUTY
2448,2448,STYLE & BEAUTY,STYLE & BEAUTY
2449,2449,STYLE & BEAUTY,STYLE & BEAUTY
2450,2450,BUSINESS,BUSINESS
2451,2451,TRAVEL,TRAVEL
2452,2452,BUSINESS,BUSINESS
2453,2453,STYLE & BEAUTY,STYLE & BEAUTY
2453,2453,STYLE & BEAUTY,STYLE & BEAUTY
2454,2454,TRAVEL,TRAVEL
2455,2455,BUSINESS,BUSINESS
2456,2456,TRAVEL,TRAVEL
2457,2457,TRAVEL,TRAVEL
2458,2458,BUSINESS,BUSINESS
2459,2459,BUSINESS,BUSINESS
2460,2460,STYLE & BEAUTY,STYLE & BEAUTY
2461,2461,STYLE & BEAUTY,STYLE & BEAUTY
2462,2462,BUSINESS,BUSINESS
2463,2463,TRAVEL,TRAVEL
2464,2464,BUSINESS,BUSINESS
2465,2465,TRAVEL,TRAVEL
2466,2466,BUSINESS,BUSINESS
2467,2467,BUSINESS,BUSINESS
2468,2468,TRAVEL,TRAVEL
2469,2469,BUSINESS,BUSINESS
2471,2471,TRAVEL,TRAVEL
2472,2472,TRAVEL,TRAVEL
2473,2473,BUSINESS,BUSINESS
2474,2474,STYLE & BEAUTY,STYLE & BEAUTY
2475,2475,STYLE & BEAUTY,STYLE & BEAUTY
2476,2476,TRAVEL,TRAVEL
2477,2477,STYLE & BEAUTY,STYLE & BEAUTY
2478,2478,BUSINESS,BUSINESS
2479,2479,STYLE & BEAUTY,STYLE & BEAUTY
2480,2480,TRAVEL,TRAVEL
2481,2481,TRAVEL,TRAVEL
2482,2482,STYLE & BEAUTY,STYLE & BEAUTY
2483,2483,TRAVEL,BUSINESS
2484,2484,STYLE & BEAUTY,STYLE & BEAUTY
2485,2485,STYLE & BEAUTY,STYLE & BEAUTY
2485,2485,STYLE & BEAUTY,STYLE & BEAUTY
2486,2486,STYLE & BEAUTY,STYLE & BEAUTY
2487,2487,STYLE & BEAUTY,STYLE & BEAUTY
2488,2488,TRAVEL,TRAVEL
2489,2489,TRAVEL,TRAVEL
2490,2490,STYLE & BEAUTY,STYLE & BEAUTY
2490,2490,STYLE & BEAUTY,STYLE & BEAUTY
2491,2491,TRAVEL,TRAVEL
2492,2492,STYLE & BEAUTY,STYLE & BEAUTY
2493,2493,TRAVEL,TRAVEL
2494,2494,TRAVEL,TRAVEL
2495,2495,TRAVEL,TRAVEL
2496,2496,STYLE & BEAUTY,STYLE & BEAUTY
2497,2497,BUSINESS,BUSINESS
2500,2500,STYLE & BEAUTY,STYLE & BEAUTY
2501,2501,BUSINESS,BUSINESS
2502,2502,STYLE & BEAUTY,STYLE & BEAUTY
2502,2502,STYLE & BEAUTY,STYLE & BEAUTY
2503,2503,TRAVEL,TRAVEL
2504,2504,STYLE & BEAUTY,STYLE & BEAUTY
2505,2505,STYLE & BEAUTY,STYLE & BEAUTY
2506,2506,STYLE & BEAUTY,STYLE & BEAUTY
2507,2507,TRAVEL,TRAVEL
2508,2508,STYLE & BEAUTY,STYLE & BEAUTY
2509,2509,BUSINESS,BUSINESS
2510,2510,STYLE & BEAUTY,STYLE & BEAUTY
2511,2511,TRAVEL,TRAVEL
2512,2512,TRAVEL,TRAVEL
2513,2513,BUSINESS,BUSINESS
2514,2514,TRAVEL,TRAVEL
2515,2515,STYLE & BEAUTY,STYLE & BEAUTY
2516,2516,STYLE & BEAUTY,STYLE & BEAUTY
2517,2517,TRAVEL,TRAVEL
2518,2518,BUSINESS,BUSINESS
2519,2519,BUSINESS,BUSINESS
2520,2520,STYLE & BEAUTY,STYLE & BEAUTY
2521,2521,TRAVEL,TRAVEL
2523,2523,BUSINESS,BUSINESS
2524,2524,STYLE & BEAUTY,STYLE & BEAUTY
2525,2525,BUSINESS,BUSINESS
2526,2526,STYLE & BEAUTY,STYLE & BEAUTY
2527,2527,BUSINESS,BUSINESS
2528,2528,BUSINESS,BUSINESS
2530,2530,BUSINESS,BUSINESS
2531,2531,STYLE & BEAUTY,STYLE & BEAUTY
2532,2532,TRAVEL,TRAVEL
2533,2533,STYLE & BEAUTY,STYLE & BEAUTY
2534,2534,TRAVEL,TRAVEL
2535,2535,TRAVEL,TRAVEL
2536,2536,TRAVEL,TRAVEL
2537,2537,TRAVEL,TRAVEL
2538,2538,STYLE & BEAUTY,STYLE & BEAUTY
2539,2539,BUSINESS,TRAVEL
2540,2540,TRAVEL,TRAVEL
2541,2541,TRAVEL,TRAVEL
2542,2542,BUSINESS,STYLE & BEAUTY
2543,2543,BUSINESS,BUSINESS
2544,2544,TRAVEL,TRAVEL
2545,2545,TRAVEL,BUSINESS
2546,2546,BUSINESS,BUSINESS
2547,2547,BUSINESS,STYLE & BEAUTY
